<?xml version='1.0' encoding='UTF-8'?>
<definitions xmlns="http://www.omg.org/spec/BPMN/20100524/MODEL" xmlns:xsi="http://www.w3.org/2001/XMLSchema-instance" xmlns:xsd="http://www.w3.org/2001/XMLSchema" xmlns:activiti="http://activiti.org/bpmn" xmlns:bpmndi="http://www.omg.org/spec/BPMN/20100524/DI" xmlns:omgdc="http://www.omg.org/spec/DD/20100524/DC" xmlns:omgdi="http://www.omg.org/spec/DD/20100524/DI" typeLanguage="http://www.w3.org/2001/XMLSchema" expressionLanguage="http://www.w3.org/1999/XPath" targetNamespace="http://www.activiti.org/processdef" xmlns:modeler="http://activiti.com/modeler" modeler:version="1.0en" modeler:exportDateTime="20250220145554755" modeler:modelId="2008" modeler:modelVersion="5" modeler:modelLastUpdated="1739360030641">
  <signal id="annulla_processo" name="Annulla processo" activiti:scope="processInstance"/>
  <signal id="sig_notifica_assegnazione_ci" name="Notifica assegnazione ci" activiti:scope="processInstance"/>
  <signal id="sig_apertura_jolly_ci" name="Apertura jolly ci" activiti:scope="processInstance"/>
  <signal id="sig_apertura_jolly_vt" name="Apertura jolly vt" activiti:scope="processInstance"/>
  <signal id="sig_apertura_jolly_vt_segr" name="Apertura jolly vt segretariato" activiti:scope="processInstance"/>
  <signal id="sig_notifica_assegnazione_vt" name="Notifica assegnazione vt" activiti:scope="processInstance"/>
  <signal id="sig_notifica_assegnazione_vs" name="Notifica assegnazione vs" activiti:scope="processInstance"/>
  <signal id="sig_notifica_assegnazione_dc" name="Notifica assegnazione dc" activiti:scope="processInstance"/>
  <signal id="sig_decr_hta" name="Decretazione HTA" activiti:scope="processInstance"/>
  <signal id="sig_download_azienda_dc" name="Download decreto da azienda" activiti:scope="processInstance"/>
  <process id="AIC3" name="AIC3" isExecutable="true">
    <startEvent id="start_process">
      <extensionElements>
        <modeler:editor-resource-id><![CDATA[sid-AD633255-5038-43D7-B7E8-04E9C4935558]]></modeler:editor-resource-id>
      </extensionElements>
    </startEvent>
    <userTask id="ci_assegnazione" name="Ass. check-in" activiti:candidateGroups="1007" activiti:formKey="2004">
      <extensionElements>
        <modeler:allow-send-email><![CDATA[true]]></modeler:allow-send-email>
        <modeler:form-reference-id><![CDATA[2004]]></modeler:form-reference-id>
        <modeler:form-reference-name><![CDATA[assegnazione]]></modeler:form-reference-name>
        <modeler:group-info-name-1007><![CDATA[amministratore-applicant-aic]]></modeler:group-info-name-1007>
        <modeler:activiti-idm-candidate-group><![CDATA[true]]></modeler:activiti-idm-candidate-group>
        <modeler:initiator-can-complete><![CDATA[false]]></modeler:initiator-can-complete>
        <modeler:editor-resource-id><![CDATA[sid-562A43D7-D6FD-4531-8D75-C539F341DB71]]></modeler:editor-resource-id>
      </extensionElements>
    </userTask>
    <parallelGateway id="gtw_1">
      <extensionElements>
        <modeler:editor-resource-id><![CDATA[sid-4FA15318-4569-4D33-AAD3-66C9FF3F2559]]></modeler:editor-resource-id>
      </extensionElements>
    </parallelGateway>
    <sequenceFlow id="sid-AA71456A-D247-4349-B0F9-439895D4D623" sourceRef="start_process" targetRef="gtw_1">
      <extensionElements>
        <modeler:editor-resource-id><![CDATA[sid-AA71456A-D247-4349-B0F9-439895D4D623]]></modeler:editor-resource-id>
      </extensionElements>
    </sequenceFlow>
    <userTask id="vt_assegnazione" name="Ass. val. tecnica" activiti:candidateGroups="1005">
      <extensionElements>
        <modeler:allow-send-email><![CDATA[true]]></modeler:allow-send-email>
        <modeler:group-info-name-1005><![CDATA[AIFA]]></modeler:group-info-name-1005>
        <modeler:activiti-idm-candidate-group><![CDATA[true]]></modeler:activiti-idm-candidate-group>
        <modeler:initiator-can-complete><![CDATA[false]]></modeler:initiator-can-complete>
        <modeler:editor-resource-id><![CDATA[sid-20F15234-506D-4B1E-B73B-CF29FF4FC0F3]]></modeler:editor-resource-id>
      </extensionElements>
    </userTask>
    <endEvent id="sid-FFB743AB-2202-4A01-A9FE-3F5EDC8165A4">
      <extensionElements>
        <modeler:editor-resource-id><![CDATA[sid-FFB743AB-2202-4A01-A9FE-3F5EDC8165A4]]></modeler:editor-resource-id>
      </extensionElements>
    </endEvent>
    <endEvent id="errore_annulla">
      <extensionElements>
        <modeler:editor-resource-id><![CDATA[sid-8AC844A6-1EB1-4D62-8830-192194BED3FC]]></modeler:editor-resource-id>
      </extensionElements>
      <errorEventDefinition/>
    </endEvent>
    <intermediateCatchEvent id="wait_abort_process">
      <extensionElements>
        <modeler:editor-resource-id><![CDATA[sid-37924BDD-2D31-4959-9DAB-90A121DD054B]]></modeler:editor-resource-id>
      </extensionElements>
      <signalEventDefinition signalRef="annulla_processo"/>
    </intermediateCatchEvent>
    <sequenceFlow id="sid-2E0CD49E-7687-4D6A-81ED-D49E06B1961A" sourceRef="wait_abort_process" targetRef="errore_annulla">
      <extensionElements>
        <modeler:editor-resource-id><![CDATA[sid-2E0CD49E-7687-4D6A-81ED-D49E06B1961A]]></modeler:editor-resource-id>
      </extensionElements>
    </sequenceFlow>
    <intermediateCatchEvent id="wait_assegnazione_ci">
      <extensionElements>
        <modeler:editor-resource-id><![CDATA[sid-2512D135-650B-4806-9D4F-7B91EA620366]]></modeler:editor-resource-id>
      </extensionElements>
      <signalEventDefinition signalRef="sig_notifica_assegnazione_ci"/>
    </intermediateCatchEvent>
    <sequenceFlow id="sid-BA98DB4F-ACF6-4B4C-8788-48A5D8AD5642" sourceRef="gtw_1" targetRef="wait_assegnazione_ci">
      <extensionElements>
        <modeler:editor-resource-id><![CDATA[sid-BA98DB4F-ACF6-4B4C-8788-48A5D8AD5642]]></modeler:editor-resource-id>
      </extensionElements>
    </sequenceFlow>
    <userTask id="notifica_assegnazione_ci" name="Notifica assegnazione ci" activiti:candidateGroups="1008">
      <extensionElements>
        <modeler:allow-send-email><![CDATA[true]]></modeler:allow-send-email>
        <modeler:group-info-name-1008><![CDATA[amministratore-titolare-aic]]></modeler:group-info-name-1008>
        <modeler:activiti-idm-candidate-group><![CDATA[true]]></modeler:activiti-idm-candidate-group>
        <modeler:initiator-can-complete><![CDATA[false]]></modeler:initiator-can-complete>
        <modeler:editor-resource-id><![CDATA[sid-AB1F7B5A-2519-4A5F-849F-206762F5C6E9]]></modeler:editor-resource-id>
      </extensionElements>
      <multiInstanceLoopCharacteristics isSequential="false">
        <loopCardinality>1</loopCardinality>
      </multiInstanceLoopCharacteristics>
    </userTask>
    <sequenceFlow id="sid-577C7CE1-630B-41C6-BDA3-F158FEA47E1B" sourceRef="notifica_assegnazione_ci" targetRef="wait_assegnazione_ci">
      <extensionElements>
        <modeler:editor-resource-id><![CDATA[sid-577C7CE1-630B-41C6-BDA3-F158FEA47E1B]]></modeler:editor-resource-id>
      </extensionElements>
    </sequenceFlow>
    <userTask id="ci_checkin" name="Check-in" activiti:assignee="$INITIATOR">
      <extensionElements>
        <modeler:allow-send-email><![CDATA[true]]></modeler:allow-send-email>
        <modeler:activiti-idm-initiator><![CDATA[true]]></modeler:activiti-idm-initiator>
        <modeler:initiator-can-complete><![CDATA[false]]></modeler:initiator-can-complete>
        <modeler:editor-resource-id><![CDATA[sid-99D7204F-5B0E-4E6E-BBB9-298B4A7849F0]]></modeler:editor-resource-id>
      </extensionElements>
    </userTask>
    <userTask id="vt_ass" name="Assessment" activiti:assignee="$INITIATOR">
      <extensionElements>
        <modeler:allow-send-email><![CDATA[true]]></modeler:allow-send-email>
        <modeler:activiti-idm-initiator><![CDATA[true]]></modeler:activiti-idm-initiator>
        <modeler:initiator-can-complete><![CDATA[false]]></modeler:initiator-can-complete>
        <modeler:editor-resource-id><![CDATA[sid-1C0FA76E-0D37-46AF-92A8-A9686EA4C5C1]]></modeler:editor-resource-id>
      </extensionElements>
    </userTask>
    <sequenceFlow id="sid-5656AE54-5CDA-48AC-97E7-0B4393CDA2CE" sourceRef="gtw_1" targetRef="vt_assegnazione">
      <extensionElements>
        <modeler:editor-resource-id><![CDATA[sid-5656AE54-5CDA-48AC-97E7-0B4393CDA2CE]]></modeler:editor-resource-id>
      </extensionElements>
    </sequenceFlow>
    <sequenceFlow id="sid-1571B446-552B-4448-A4AC-E855CA73A2D6" sourceRef="vt_assegnazione" targetRef="gw_val_tec">
      <extensionElements>
        <modeler:editor-resource-id><![CDATA[sid-1571B446-552B-4448-A4AC-E855CA73A2D6]]></modeler:editor-resource-id>
      </extensionElements>
    </sequenceFlow>
    <sequenceFlow id="sid-D0360B24-529D-4963-BC11-4A0A997F023B" sourceRef="gtw_1" targetRef="ci_assegnazione">
      <extensionElements>
        <modeler:editor-resource-id><![CDATA[sid-D0360B24-529D-4963-BC11-4A0A997F023B]]></modeler:editor-resource-id>
      </extensionElements>
    </sequenceFlow>
    <parallelGateway id="gw_val_tec">
      <extensionElements>
        <modeler:editor-resource-id><![CDATA[sid-64210ED7-E677-461C-B53C-291FFC5BE30E]]></modeler:editor-resource-id>
      </extensionElements>
    </parallelGateway>
    <sequenceFlow id="sid-622FF18A-FA40-45E5-B17B-66EF03EEC2F0" sourceRef="gw_val_tec" targetRef="vt_inizio">
      <extensionElements>
        <modeler:editor-resource-id><![CDATA[sid-622FF18A-FA40-45E5-B17B-66EF03EEC2F0]]></modeler:editor-resource-id>
      </extensionElements>
    </sequenceFlow>
    <subProcess id="aic_fase_nazionale" name="Fase nazionale">
      <extensionElements>
        <activiti:executionListener event="start" expression="${execution.setVariableLocal('wkf.FORME_DOS_NAZ',execution.getVariable('wkf.tsk.FORME_DOS_NAZ'))}"/>
        <activiti:executionListener event="start" delegateExpression="${activiti_subProcessVariablesMappingListener}"/>
        <activiti:executionListener event="end" delegateExpression="${activiti_subProcessVariablesMappingListener}"/>
        <modeler:subprocess-id><![CDATA[2005]]></modeler:subprocess-id>
        <modeler:subprocess-name><![CDATA[AIC_FASE_NAZIONALE]]></modeler:subprocess-name>
        <modeler:subprocess-original-width><![CDATA[100.0]]></modeler:subprocess-original-width>
        <modeler:subprocess-original-height><![CDATA[80.0]]></modeler:subprocess-original-height>
        <modeler:subprocess-width-difference><![CDATA[1123.0]]></modeler:subprocess-width-difference>
        <modeler:subprocess-height-difference><![CDATA[635.0]]></modeler:subprocess-height-difference>
        <modeler:editor-resource-id><![CDATA[sid-C345F9FB-00B1-4968-A057-4411B4E5FFCB]]></modeler:editor-resource-id>
        <modeler:ignore-listener-on-import><![CDATA[${activiti_subProcessVariablesMappingListener}]]></modeler:ignore-listener-on-import>
      </extensionElements>
      <multiInstanceLoopCharacteristics isSequential="false">
        <loopCardinality>1</loopCardinality>
      </multiInstanceLoopCharacteristics>
      <startEvent id="aic_fase_nazionale-startEvent1">
        <extensionElements>
          <modeler:editor-resource-id><![CDATA[startEvent1]]></modeler:editor-resource-id>
          <modeler:subprocess-element-id><![CDATA[startEvent1]]></modeler:subprocess-element-id>
        </extensionElements>
      </startEvent>
      <userTask id="aic_fase_nazionale-vt_segr" name="Segretariato" activiti:assignee="$INITIATOR">
        <extensionElements>
          <modeler:allow-send-email><![CDATA[true]]></modeler:allow-send-email>
          <modeler:activiti-idm-initiator><![CDATA[true]]></modeler:activiti-idm-initiator>
          <modeler:initiator-can-complete><![CDATA[false]]></modeler:initiator-can-complete>
          <modeler:editor-resource-id><![CDATA[sid-4DEA6ADC-BAC8-4282-A8E0-DDBEEE8BCBF3]]></modeler:editor-resource-id>
          <modeler:subprocess-element-id><![CDATA[vt_segr]]></modeler:subprocess-element-id>
        </extensionElements>
      </userTask>
      <sequenceFlow id="aic_fase_nazionale-sid-CBEBD7D9-7BC5-4329-9AB8-AAE0A8E807B5" sourceRef="aic_fase_nazionale-startEvent1" targetRef="aic_fase_nazionale-vt_segr">
        <extensionElements>
          <modeler:editor-resource-id><![CDATA[sid-CBEBD7D9-7BC5-4329-9AB8-AAE0A8E807B5]]></modeler:editor-resource-id>
          <modeler:subprocess-element-id><![CDATA[sid-CBEBD7D9-7BC5-4329-9AB8-AAE0A8E807B5]]></modeler:subprocess-element-id>
        </extensionElements>
      </sequenceFlow>
      <sequenceFlow id="aic_fase_nazionale-sid-F6998FB9-634A-4EC4-B229-CC46B9A6A6B3" sourceRef="aic_fase_nazionale-vt_segr" targetRef="aic_fase_nazionale-sid-74383AE4-CAD3-470A-B88A-4BCA1BE7D615">
        <extensionElements>
          <modeler:editor-resource-id><![CDATA[sid-F6998FB9-634A-4EC4-B229-CC46B9A6A6B3]]></modeler:editor-resource-id>
          <modeler:subprocess-element-id><![CDATA[sid-F6998FB9-634A-4EC4-B229-CC46B9A6A6B3]]></modeler:subprocess-element-id>
        </extensionElements>
      </sequenceFlow>
      <endEvent id="aic_fase_nazionale-sid-09F0175D-6DE4-42B2-AB66-27492FA54FDC">
        <extensionElements>
          <modeler:editor-resource-id><![CDATA[sid-09F0175D-6DE4-42B2-AB66-27492FA54FDC]]></modeler:editor-resource-id>
          <modeler:subprocess-element-id><![CDATA[sid-09F0175D-6DE4-42B2-AB66-27492FA54FDC]]></modeler:subprocess-element-id>
        </extensionElements>
      </endEvent>
      <userTask id="aic_fase_nazionale-vs_assegnazione" name="Ass. val. stampati" activiti:assignee="$INITIATOR">
        <extensionElements>
          <modeler:allow-send-email><![CDATA[true]]></modeler:allow-send-email>
          <modeler:activiti-idm-initiator><![CDATA[true]]></modeler:activiti-idm-initiator>
          <modeler:initiator-can-complete><![CDATA[false]]></modeler:initiator-can-complete>
          <modeler:editor-resource-id><![CDATA[sid-12984903-7E7D-4B36-9519-C74390CA7932]]></modeler:editor-resource-id>
          <modeler:subprocess-element-id><![CDATA[vs_assegnazione]]></modeler:subprocess-element-id>
        </extensionElements>
      </userTask>
      <parallelGateway id="aic_fase_nazionale-sid-DE9B73AC-DEF8-4C22-A5B5-720BCF43882B">
        <extensionElements>
          <modeler:editor-resource-id><![CDATA[sid-DE9B73AC-DEF8-4C22-A5B5-720BCF43882B]]></modeler:editor-resource-id>
          <modeler:subprocess-element-id><![CDATA[sid-DE9B73AC-DEF8-4C22-A5B5-720BCF43882B]]></modeler:subprocess-element-id>
        </extensionElements>
      </parallelGateway>
      <sequenceFlow id="aic_fase_nazionale-sid-48960C85-2EC8-4568-981D-70B1F2CADD91" sourceRef="aic_fase_nazionale-vs_assegnazione" targetRef="aic_fase_nazionale-sid-DE9B73AC-DEF8-4C22-A5B5-720BCF43882B">
        <extensionElements>
          <modeler:editor-resource-id><![CDATA[sid-48960C85-2EC8-4568-981D-70B1F2CADD91]]></modeler:editor-resource-id>
          <modeler:subprocess-element-id><![CDATA[sid-48960C85-2EC8-4568-981D-70B1F2CADD91]]></modeler:subprocess-element-id>
        </extensionElements>
      </sequenceFlow>
      <userTask id="aic_fase_nazionale-notifica_assegnazione_vs" name="Notifica assegnazione vs" activiti:assignee="$INITIATOR">
        <extensionElements>
          <modeler:allow-send-email><![CDATA[true]]></modeler:allow-send-email>
          <modeler:activiti-idm-initiator><![CDATA[true]]></modeler:activiti-idm-initiator>
          <modeler:initiator-can-complete><![CDATA[false]]></modeler:initiator-can-complete>
          <modeler:editor-resource-id><![CDATA[sid-77873E93-A81D-42A9-B753-77FE455F19F6]]></modeler:editor-resource-id>
          <modeler:subprocess-element-id><![CDATA[notifica_assegnazione_vs]]></modeler:subprocess-element-id>
        </extensionElements>
      </userTask>
      <sequenceFlow id="aic_fase_nazionale-sid-EE142236-9A79-4399-90E2-0C1C906FCFDC" sourceRef="aic_fase_nazionale-sid-DE9B73AC-DEF8-4C22-A5B5-720BCF43882B" targetRef="aic_fase_nazionale-notifica_assegnazione_vs">
        <extensionElements>
          <modeler:editor-resource-id><![CDATA[sid-EE142236-9A79-4399-90E2-0C1C906FCFDC]]></modeler:editor-resource-id>
          <modeler:subprocess-element-id><![CDATA[sid-EE142236-9A79-4399-90E2-0C1C906FCFDC]]></modeler:subprocess-element-id>
        </extensionElements>
      </sequenceFlow>
      <userTask id="aic_fase_nazionale-vs_inizio" name="Inizio vs" activiti:assignee="$INITIATOR">
        <extensionElements>
          <modeler:allow-send-email><![CDATA[true]]></modeler:allow-send-email>
          <modeler:activiti-idm-initiator><![CDATA[true]]></modeler:activiti-idm-initiator>
          <modeler:initiator-can-complete><![CDATA[false]]></modeler:initiator-can-complete>
          <modeler:editor-resource-id><![CDATA[sid-A9BC616A-5666-4568-8420-0C73C4B92EC9]]></modeler:editor-resource-id>
          <modeler:subprocess-element-id><![CDATA[vs_inizio]]></modeler:subprocess-element-id>
        </extensionElements>
      </userTask>
      <sequenceFlow id="aic_fase_nazionale-sid-D398F86C-49B1-43E6-9C69-35FA9F147118" sourceRef="aic_fase_nazionale-sid-DE9B73AC-DEF8-4C22-A5B5-720BCF43882B" targetRef="aic_fase_nazionale-vs_inizio">
        <extensionElements>
          <modeler:editor-resource-id><![CDATA[sid-D398F86C-49B1-43E6-9C69-35FA9F147118]]></modeler:editor-resource-id>
          <modeler:subprocess-element-id><![CDATA[sid-D398F86C-49B1-43E6-9C69-35FA9F147118]]></modeler:subprocess-element-id>
        </extensionElements>
      </sequenceFlow>
      <sequenceFlow id="aic_fase_nazionale-sid-16F9FEB5-09C2-4106-A23B-64A4CA934192" sourceRef="aic_fase_nazionale-sid-57A1C824-0504-45EE-90A6-3FDD761E20D8" targetRef="aic_fase_nazionale-sid-09F0175D-6DE4-42B2-AB66-27492FA54FDC">
        <extensionElements>
          <modeler:editor-resource-id><![CDATA[sid-16F9FEB5-09C2-4106-A23B-64A4CA934192]]></modeler:editor-resource-id>
          <modeler:subprocess-element-id><![CDATA[sid-16F9FEB5-09C2-4106-A23B-64A4CA934192]]></modeler:subprocess-element-id>
        </extensionElements>
      </sequenceFlow>
      <parallelGateway id="aic_fase_nazionale-sid-CCD5F96A-543C-4181-B68F-FA8E630C6986">
        <extensionElements>
          <modeler:editor-resource-id><![CDATA[sid-CCD5F96A-543C-4181-B68F-FA8E630C6986]]></modeler:editor-resource-id>
          <modeler:subprocess-element-id><![CDATA[sid-CCD5F96A-543C-4181-B68F-FA8E630C6986]]></modeler:subprocess-element-id>
        </extensionElements>
      </parallelGateway>
      <sequenceFlow id="aic_fase_nazionale-sid-C3DE764B-C930-4426-9E5E-2F3B8703FAA7" sourceRef="aic_fase_nazionale-vs_inizio" targetRef="aic_fase_nazionale-sid-CCD5F96A-543C-4181-B68F-FA8E630C6986">
        <extensionElements>
          <modeler:editor-resource-id><![CDATA[sid-C3DE764B-C930-4426-9E5E-2F3B8703FAA7]]></modeler:editor-resource-id>
          <modeler:subprocess-element-id><![CDATA[sid-C3DE764B-C930-4426-9E5E-2F3B8703FAA7]]></modeler:subprocess-element-id>
        </extensionElements>
      </sequenceFlow>
      <userTask id="aic_fase_nazionale-vs_valutazione" name="Val. stampati" activiti:assignee="$INITIATOR">
        <extensionElements>
          <modeler:allow-send-email><![CDATA[true]]></modeler:allow-send-email>
          <modeler:activiti-idm-initiator><![CDATA[true]]></modeler:activiti-idm-initiator>
          <modeler:initiator-can-complete><![CDATA[false]]></modeler:initiator-can-complete>
          <modeler:editor-resource-id><![CDATA[sid-BDE0B435-C665-473F-ACBE-33917BB4EBC6]]></modeler:editor-resource-id>
          <modeler:subprocess-element-id><![CDATA[vs_valutazione]]></modeler:subprocess-element-id>
        </extensionElements>
      </userTask>
      <sequenceFlow id="aic_fase_nazionale-sid-2981A5B4-FD78-45E5-B61A-C7EDF44D84E5" sourceRef="aic_fase_nazionale-sid-CCD5F96A-543C-4181-B68F-FA8E630C6986" targetRef="aic_fase_nazionale-vs_valutazione">
        <extensionElements>
          <modeler:editor-resource-id><![CDATA[sid-2981A5B4-FD78-45E5-B61A-C7EDF44D84E5]]></modeler:editor-resource-id>
          <modeler:subprocess-element-id><![CDATA[sid-2981A5B4-FD78-45E5-B61A-C7EDF44D84E5]]></modeler:subprocess-element-id>
        </extensionElements>
      </sequenceFlow>
      <sequenceFlow id="aic_fase_nazionale-sid-B90F8E5A-7CCE-4344-B185-3AC35C50D3F7" sourceRef="aic_fase_nazionale-vs_valutazione" targetRef="aic_fase_nazionale-sid-09F0175D-6DE4-42B2-AB66-27492FA54FDC">
        <extensionElements>
          <modeler:editor-resource-id><![CDATA[sid-B90F8E5A-7CCE-4344-B185-3AC35C50D3F7]]></modeler:editor-resource-id>
          <modeler:subprocess-element-id><![CDATA[sid-B90F8E5A-7CCE-4344-B185-3AC35C50D3F7]]></modeler:subprocess-element-id>
        </extensionElements>
      </sequenceFlow>
      <boundaryEvent id="aic_fase_nazionale-sid-57A1C824-0504-45EE-90A6-3FDD761E20D8" attachedToRef="aic_fase_nazionale-notifica_assegnazione_vs">
        <extensionElements>
          <modeler:editor-resource-id><![CDATA[sid-57A1C824-0504-45EE-90A6-3FDD761E20D8]]></modeler:editor-resource-id>
          <modeler:subprocess-element-id><![CDATA[sid-57A1C824-0504-45EE-90A6-3FDD761E20D8]]></modeler:subprocess-element-id>
        </extensionElements>
        <errorEventDefinition/>
      </boundaryEvent>
      <intermediateCatchEvent id="aic_fase_nazionale-sid-16564F58-B64B-4FAE-9F29-E09070C76FB7">
        <extensionElements>
          <modeler:editor-resource-id><![CDATA[sid-16564F58-B64B-4FAE-9F29-E09070C76FB7]]></modeler:editor-resource-id>
          <modeler:subprocess-element-id><![CDATA[sid-16564F58-B64B-4FAE-9F29-E09070C76FB7]]></modeler:subprocess-element-id>
        </extensionElements>
        <signalEventDefinition signalRef="sig_notifica_assegnazione_vs"/>
      </intermediateCatchEvent>
      <sequenceFlow id="aic_fase_nazionale-sid-EEB9CCEF-5BB0-4F8F-BBD1-F831345B19E7" sourceRef="aic_fase_nazionale-notifica_assegnazione_vs" targetRef="aic_fase_nazionale-sid-16564F58-B64B-4FAE-9F29-E09070C76FB7">
        <extensionElements>
          <modeler:editor-resource-id><![CDATA[sid-EEB9CCEF-5BB0-4F8F-BBD1-F831345B19E7]]></modeler:editor-resource-id>
          <modeler:subprocess-element-id><![CDATA[sid-EEB9CCEF-5BB0-4F8F-BBD1-F831345B19E7]]></modeler:subprocess-element-id>
        </extensionElements>
      </sequenceFlow>
      <sequenceFlow id="aic_fase_nazionale-sid-278CE474-25F4-486D-BE45-E2C13F4DA1BC" sourceRef="aic_fase_nazionale-sid-16564F58-B64B-4FAE-9F29-E09070C76FB7" targetRef="aic_fase_nazionale-notifica_assegnazione_vs">
        <extensionElements>
          <modeler:editor-resource-id><![CDATA[sid-278CE474-25F4-486D-BE45-E2C13F4DA1BC]]></modeler:editor-resource-id>
          <modeler:subprocess-element-id><![CDATA[sid-278CE474-25F4-486D-BE45-E2C13F4DA1BC]]></modeler:subprocess-element-id>
        </extensionElements>
      </sequenceFlow>
      <exclusiveGateway id="aic_fase_nazionale-sid-08F55D72-8052-4D52-A788-BED50B7F0555" default="aic_fase_nazionale-sid-11E14E22-E1B0-4B9A-947E-978EC4A21A0C">
        <extensionElements>
          <modeler:editor-resource-id><![CDATA[sid-08F55D72-8052-4D52-A788-BED50B7F0555]]></modeler:editor-resource-id>
          <modeler:subprocess-element-id><![CDATA[sid-08F55D72-8052-4D52-A788-BED50B7F0555]]></modeler:subprocess-element-id>
        </extensionElements>
      </exclusiveGateway>
      <sequenceFlow id="aic_fase_nazionale-sid-2621C919-6248-44D0-BEAB-0A6DA75F7CFD" sourceRef="aic_fase_nazionale-vs_valutazione" targetRef="aic_fase_nazionale-sid-08F55D72-8052-4D52-A788-BED50B7F0555">
        <extensionElements>
          <modeler:editor-resource-id><![CDATA[sid-2621C919-6248-44D0-BEAB-0A6DA75F7CFD]]></modeler:editor-resource-id>
          <modeler:subprocess-element-id><![CDATA[sid-2621C919-6248-44D0-BEAB-0A6DA75F7CFD]]></modeler:subprocess-element-id>
        </extensionElements>
      </sequenceFlow>
      <exclusiveGateway id="aic_fase_nazionale-sid-3535A875-4A16-4D13-B0D1-83A7DFEBF975" default="aic_fase_nazionale-sid-32C6B870-1872-403B-B988-342BF64C311E">
        <extensionElements>
          <modeler:editor-resource-id><![CDATA[sid-3535A875-4A16-4D13-B0D1-83A7DFEBF975]]></modeler:editor-resource-id>
          <modeler:subprocess-element-id><![CDATA[sid-3535A875-4A16-4D13-B0D1-83A7DFEBF975]]></modeler:subprocess-element-id>
        </extensionElements>
      </exclusiveGateway>
      <intermediateCatchEvent id="aic_fase_nazionale-vs_discr_hta">
        <extensionElements>
          <modeler:editor-resource-id><![CDATA[sid-6EF17AA4-FAFF-46D7-830C-F965B10DF6CB]]></modeler:editor-resource-id>
          <modeler:subprocess-element-id><![CDATA[vs_discr_hta]]></modeler:subprocess-element-id>
        </extensionElements>
        <signalEventDefinition signalRef="sig_decr_hta"/>
      </intermediateCatchEvent>
      <sequenceFlow id="aic_fase_nazionale-sid-82235FB4-DA1A-46F8-A4B9-067C9C28ABE1" sourceRef="aic_fase_nazionale-vs_discr_hta" targetRef="aic_fase_nazionale-sid-09F0175D-6DE4-42B2-AB66-27492FA54FDC">
        <extensionElements>
          <modeler:editor-resource-id><![CDATA[sid-82235FB4-DA1A-46F8-A4B9-067C9C28ABE1]]></modeler:editor-resource-id>
          <modeler:subprocess-element-id><![CDATA[sid-82235FB4-DA1A-46F8-A4B9-067C9C28ABE1]]></modeler:subprocess-element-id>
        </extensionElements>
      </sequenceFlow>
      <userTask id="aic_fase_nazionale-dc_assegnazione" name="Ass. decretazione" activiti:assignee="$INITIATOR">
        <extensionElements>
          <modeler:allow-send-email><![CDATA[true]]></modeler:allow-send-email>
          <modeler:activiti-idm-initiator><![CDATA[true]]></modeler:activiti-idm-initiator>
          <modeler:initiator-can-complete><![CDATA[false]]></modeler:initiator-can-complete>
          <modeler:editor-resource-id><![CDATA[sid-A86E233B-5BD6-401D-A2DE-E7079DA36735]]></modeler:editor-resource-id>
          <modeler:subprocess-element-id><![CDATA[dc_assegnazione]]></modeler:subprocess-element-id>
        </extensionElements>
      </userTask>
      <sequenceFlow id="aic_fase_nazionale-sid-11E14E22-E1B0-4B9A-947E-978EC4A21A0C" sourceRef="aic_fase_nazionale-sid-08F55D72-8052-4D52-A788-BED50B7F0555" targetRef="aic_fase_nazionale-sid-3535A875-4A16-4D13-B0D1-83A7DFEBF975">
        <extensionElements>
          <modeler:editor-resource-id><![CDATA[sid-11E14E22-E1B0-4B9A-947E-978EC4A21A0C]]></modeler:editor-resource-id>
          <modeler:subprocess-element-id><![CDATA[sid-11E14E22-E1B0-4B9A-947E-978EC4A21A0C]]></modeler:subprocess-element-id>
        </extensionElements>
      </sequenceFlow>
      <sequenceFlow id="aic_fase_nazionale-sid-32C6B870-1872-403B-B988-342BF64C311E" sourceRef="aic_fase_nazionale-sid-3535A875-4A16-4D13-B0D1-83A7DFEBF975" targetRef="aic_fase_nazionale-vs_discr_hta">
        <extensionElements>
          <modeler:editor-resource-id><![CDATA[sid-32C6B870-1872-403B-B988-342BF64C311E]]></modeler:editor-resource-id>
          <modeler:subprocess-element-id><![CDATA[sid-32C6B870-1872-403B-B988-342BF64C311E]]></modeler:subprocess-element-id>
        </extensionElements>
      </sequenceFlow>
      <sequenceFlow id="aic_fase_nazionale-sid-FDC75086-FA2A-4F5F-A63F-790A47F22448" sourceRef="aic_fase_nazionale-sid-08F55D72-8052-4D52-A788-BED50B7F0555" targetRef="aic_fase_nazionale-vt_segr">
        <extensionElements>
          <modeler:editor-resource-id><![CDATA[sid-FDC75086-FA2A-4F5F-A63F-790A47F22448]]></modeler:editor-resource-id>
          <modeler:subprocess-element-id><![CDATA[sid-FDC75086-FA2A-4F5F-A63F-790A47F22448]]></modeler:subprocess-element-id>
        </extensionElements>
        <conditionExpression xsi:type="tFormalExpression"><![CDATA[${vs_to_segr}]]></conditionExpression>
      </sequenceFlow>
      <sequenceFlow id="aic_fase_nazionale-sid-B7C7FFDB-CFDE-4076-A2DF-7ED2C1262849" sourceRef="aic_fase_nazionale-sid-3535A875-4A16-4D13-B0D1-83A7DFEBF975" targetRef="aic_fase_nazionale-dc_assegnazione">
        <extensionElements>
          <modeler:editor-resource-id><![CDATA[sid-B7C7FFDB-CFDE-4076-A2DF-7ED2C1262849]]></modeler:editor-resource-id>
          <modeler:subprocess-element-id><![CDATA[sid-B7C7FFDB-CFDE-4076-A2DF-7ED2C1262849]]></modeler:subprocess-element-id>
        </extensionElements>
        <conditionExpression xsi:type="tFormalExpression"><![CDATA[{vs_fav_cnn_c_cbis}]]></conditionExpression>
      </sequenceFlow>
      <parallelGateway id="aic_fase_nazionale-sid-7017DE9C-C529-4B1D-984F-B81CB831C794">
        <extensionElements>
          <modeler:editor-resource-id><![CDATA[sid-7017DE9C-C529-4B1D-984F-B81CB831C794]]></modeler:editor-resource-id>
          <modeler:subprocess-element-id><![CDATA[sid-7017DE9C-C529-4B1D-984F-B81CB831C794]]></modeler:subprocess-element-id>
        </extensionElements>
      </parallelGateway>
      <sequenceFlow id="aic_fase_nazionale-sid-242A1B07-154F-40A8-8542-CD6970B32B14" sourceRef="aic_fase_nazionale-dc_assegnazione" targetRef="aic_fase_nazionale-sid-7017DE9C-C529-4B1D-984F-B81CB831C794">
        <extensionElements>
          <modeler:editor-resource-id><![CDATA[sid-242A1B07-154F-40A8-8542-CD6970B32B14]]></modeler:editor-resource-id>
          <modeler:subprocess-element-id><![CDATA[sid-242A1B07-154F-40A8-8542-CD6970B32B14]]></modeler:subprocess-element-id>
        </extensionElements>
      </sequenceFlow>
      <userTask id="aic_fase_nazionale-notifica_assegnazione_dc" name="Notifica assegnazione dc" activiti:assignee="$INITIATOR">
        <extensionElements>
          <modeler:allow-send-email><![CDATA[true]]></modeler:allow-send-email>
          <modeler:activiti-idm-initiator><![CDATA[true]]></modeler:activiti-idm-initiator>
          <modeler:initiator-can-complete><![CDATA[false]]></modeler:initiator-can-complete>
          <modeler:editor-resource-id><![CDATA[sid-148CDF62-9A2E-4B8E-A34C-93D20522C9E8]]></modeler:editor-resource-id>
          <modeler:subprocess-element-id><![CDATA[notifica_assegnazione_dc]]></modeler:subprocess-element-id>
        </extensionElements>
      </userTask>
      <sequenceFlow id="aic_fase_nazionale-sid-5A160887-89F6-4058-9B1C-A1A2B60FD804" sourceRef="aic_fase_nazionale-sid-7017DE9C-C529-4B1D-984F-B81CB831C794" targetRef="aic_fase_nazionale-notifica_assegnazione_dc">
        <extensionElements>
          <modeler:editor-resource-id><![CDATA[sid-5A160887-89F6-4058-9B1C-A1A2B60FD804]]></modeler:editor-resource-id>
          <modeler:subprocess-element-id><![CDATA[sid-5A160887-89F6-4058-9B1C-A1A2B60FD804]]></modeler:subprocess-element-id>
        </extensionElements>
      </sequenceFlow>
      <boundaryEvent id="aic_fase_nazionale-sid-EB85A700-8B8B-4DD5-9C93-B868F3B2D44A" attachedToRef="aic_fase_nazionale-notifica_assegnazione_dc">
        <extensionElements>
          <modeler:editor-resource-id><![CDATA[sid-EB85A700-8B8B-4DD5-9C93-B868F3B2D44A]]></modeler:editor-resource-id>
          <modeler:subprocess-element-id><![CDATA[sid-EB85A700-8B8B-4DD5-9C93-B868F3B2D44A]]></modeler:subprocess-element-id>
        </extensionElements>
        <errorEventDefinition/>
      </boundaryEvent>
      <sequenceFlow id="aic_fase_nazionale-sid-F0A708D8-1B7D-4B78-9C0F-57BE56335508" sourceRef="aic_fase_nazionale-sid-EB85A700-8B8B-4DD5-9C93-B868F3B2D44A" targetRef="aic_fase_nazionale-sid-09F0175D-6DE4-42B2-AB66-27492FA54FDC">
        <extensionElements>
          <modeler:editor-resource-id><![CDATA[sid-F0A708D8-1B7D-4B78-9C0F-57BE56335508]]></modeler:editor-resource-id>
          <modeler:subprocess-element-id><![CDATA[sid-F0A708D8-1B7D-4B78-9C0F-57BE56335508]]></modeler:subprocess-element-id>
        </extensionElements>
      </sequenceFlow>
      <userTask id="aic_fase_nazionale-dc_inizio" name="Inizio dc" activiti:assignee="$INITIATOR">
        <extensionElements>
          <modeler:allow-send-email><![CDATA[true]]></modeler:allow-send-email>
          <modeler:activiti-idm-initiator><![CDATA[true]]></modeler:activiti-idm-initiator>
          <modeler:initiator-can-complete><![CDATA[false]]></modeler:initiator-can-complete>
          <modeler:editor-resource-id><![CDATA[sid-409F93EC-EC1F-4F81-A857-FADA7FF2FFF4]]></modeler:editor-resource-id>
          <modeler:subprocess-element-id><![CDATA[dc_inizio]]></modeler:subprocess-element-id>
        </extensionElements>
      </userTask>
      <sequenceFlow id="aic_fase_nazionale-sid-6C7D3EF0-0201-4A30-B24C-561C2CFB6A0F" sourceRef="aic_fase_nazionale-sid-7017DE9C-C529-4B1D-984F-B81CB831C794" targetRef="aic_fase_nazionale-dc_inizio">
        <extensionElements>
          <modeler:editor-resource-id><![CDATA[sid-6C7D3EF0-0201-4A30-B24C-561C2CFB6A0F]]></modeler:editor-resource-id>
          <modeler:subprocess-element-id><![CDATA[sid-6C7D3EF0-0201-4A30-B24C-561C2CFB6A0F]]></modeler:subprocess-element-id>
        </extensionElements>
      </sequenceFlow>
      <userTask id="aic_fase_nazionale-dc_decretazione" name="decretazione" activiti:assignee="$INITIATOR">
        <extensionElements>
          <modeler:allow-send-email><![CDATA[true]]></modeler:allow-send-email>
          <modeler:activiti-idm-initiator><![CDATA[true]]></modeler:activiti-idm-initiator>
          <modeler:initiator-can-complete><![CDATA[false]]></modeler:initiator-can-complete>
          <modeler:editor-resource-id><![CDATA[sid-B15D9B8F-63EA-4FD5-9647-7B48D170D1B9]]></modeler:editor-resource-id>
          <modeler:subprocess-element-id><![CDATA[dc_decretazione]]></modeler:subprocess-element-id>
        </extensionElements>
      </userTask>
      <sequenceFlow id="aic_fase_nazionale-sid-974BA9CC-15FA-4934-915F-95D8058FE7E2" sourceRef="aic_fase_nazionale-dc_inizio" targetRef="aic_fase_nazionale-dc_decretazione">
        <extensionElements>
          <modeler:editor-resource-id><![CDATA[sid-974BA9CC-15FA-4934-915F-95D8058FE7E2]]></modeler:editor-resource-id>
          <modeler:subprocess-element-id><![CDATA[sid-974BA9CC-15FA-4934-915F-95D8058FE7E2]]></modeler:subprocess-element-id>
        </extensionElements>
      </sequenceFlow>
      <exclusiveGateway id="aic_fase_nazionale-sid-30D7C09C-9A60-4095-B9D0-6B991E8F978A" default="aic_fase_nazionale-sid-3AE44479-B47C-4B06-8BB2-750A5CEAB992">
        <extensionElements>
          <modeler:editor-resource-id><![CDATA[sid-30D7C09C-9A60-4095-B9D0-6B991E8F978A]]></modeler:editor-resource-id>
          <modeler:subprocess-element-id><![CDATA[sid-30D7C09C-9A60-4095-B9D0-6B991E8F978A]]></modeler:subprocess-element-id>
        </extensionElements>
      </exclusiveGateway>
      <sequenceFlow id="aic_fase_nazionale-sid-F80D6000-FD51-43F8-99C5-7B266009F01B" sourceRef="aic_fase_nazionale-dc_decretazione" targetRef="aic_fase_nazionale-sid-30D7C09C-9A60-4095-B9D0-6B991E8F978A">
        <extensionElements>
          <modeler:editor-resource-id><![CDATA[sid-F80D6000-FD51-43F8-99C5-7B266009F01B]]></modeler:editor-resource-id>
          <modeler:subprocess-element-id><![CDATA[sid-F80D6000-FD51-43F8-99C5-7B266009F01B]]></modeler:subprocess-element-id>
        </extensionElements>
      </sequenceFlow>
      <exclusiveGateway id="aic_fase_nazionale-sid-74383AE4-CAD3-470A-B88A-4BCA1BE7D615" default="aic_fase_nazionale-sid-15F27961-2533-4BDF-BF6C-31994077F3DC">
        <extensionElements>
          <modeler:editor-resource-id><![CDATA[sid-74383AE4-CAD3-470A-B88A-4BCA1BE7D615]]></modeler:editor-resource-id>
          <modeler:subprocess-element-id><![CDATA[sid-74383AE4-CAD3-470A-B88A-4BCA1BE7D615]]></modeler:subprocess-element-id>
        </extensionElements>
      </exclusiveGateway>
      <sequenceFlow id="aic_fase_nazionale-sid-15F27961-2533-4BDF-BF6C-31994077F3DC" sourceRef="aic_fase_nazionale-sid-74383AE4-CAD3-470A-B88A-4BCA1BE7D615" targetRef="aic_fase_nazionale-vs_assegnazione">
        <extensionElements>
          <modeler:editor-resource-id><![CDATA[sid-15F27961-2533-4BDF-BF6C-31994077F3DC]]></modeler:editor-resource-id>
          <modeler:subprocess-element-id><![CDATA[sid-15F27961-2533-4BDF-BF6C-31994077F3DC]]></modeler:subprocess-element-id>
        </extensionElements>
      </sequenceFlow>
      <intermediateCatchEvent id="aic_fase_nazionale-sid-AE8B6925-3E74-46BC-B74B-AD0CCE0C5B8A">
        <extensionElements>
          <modeler:editor-resource-id><![CDATA[sid-AE8B6925-3E74-46BC-B74B-AD0CCE0C5B8A]]></modeler:editor-resource-id>
          <modeler:subprocess-element-id><![CDATA[sid-AE8B6925-3E74-46BC-B74B-AD0CCE0C5B8A]]></modeler:subprocess-element-id>
        </extensionElements>
        <signalEventDefinition signalRef="sig_notifica_assegnazione_dc"/>
      </intermediateCatchEvent>
      <sequenceFlow id="aic_fase_nazionale-sid-88FA1EEA-0A65-4B13-B18A-5EAEF1F763A9" sourceRef="aic_fase_nazionale-notifica_assegnazione_dc" targetRef="aic_fase_nazionale-sid-AE8B6925-3E74-46BC-B74B-AD0CCE0C5B8A">
        <extensionElements>
          <modeler:editor-resource-id><![CDATA[sid-88FA1EEA-0A65-4B13-B18A-5EAEF1F763A9]]></modeler:editor-resource-id>
          <modeler:subprocess-element-id><![CDATA[sid-88FA1EEA-0A65-4B13-B18A-5EAEF1F763A9]]></modeler:subprocess-element-id>
        </extensionElements>
      </sequenceFlow>
      <sequenceFlow id="aic_fase_nazionale-sid-65B5F96E-B230-4574-9789-DF19CF8960B4" sourceRef="aic_fase_nazionale-sid-AE8B6925-3E74-46BC-B74B-AD0CCE0C5B8A" targetRef="aic_fase_nazionale-notifica_assegnazione_dc">
        <extensionElements>
          <modeler:editor-resource-id><![CDATA[sid-65B5F96E-B230-4574-9789-DF19CF8960B4]]></modeler:editor-resource-id>
          <modeler:subprocess-element-id><![CDATA[sid-65B5F96E-B230-4574-9789-DF19CF8960B4]]></modeler:subprocess-element-id>
        </extensionElements>
      </sequenceFlow>
      <sequenceFlow id="aic_fase_nazionale-sid-53478902-EA84-488E-BB81-CEC22BBBC16A" sourceRef="aic_fase_nazionale-sid-74383AE4-CAD3-470A-B88A-4BCA1BE7D615" targetRef="aic_fase_nazionale-vs_valutazione">
        <extensionElements>
          <modeler:editor-resource-id><![CDATA[sid-53478902-EA84-488E-BB81-CEC22BBBC16A]]></modeler:editor-resource-id>
          <modeler:subprocess-element-id><![CDATA[sid-53478902-EA84-488E-BB81-CEC22BBBC16A]]></modeler:subprocess-element-id>
        </extensionElements>
        <conditionExpression xsi:type="tFormalExpression"><![CDATA[${vs_ref_presente}]]></conditionExpression>
      </sequenceFlow>
      <parallelGateway id="aic_fase_nazionale-sid-11BACB26-0606-4A08-AB70-A5343064FA23">
        <extensionElements>
          <modeler:editor-resource-id><![CDATA[sid-11BACB26-0606-4A08-AB70-A5343064FA23]]></modeler:editor-resource-id>
          <modeler:subprocess-element-id><![CDATA[sid-11BACB26-0606-4A08-AB70-A5343064FA23]]></modeler:subprocess-element-id>
        </extensionElements>
      </parallelGateway>
      <intermediateCatchEvent id="aic_fase_nazionale-sid-FC5DCC39-EB46-4914-9551-447D34FD0FA3">
        <extensionElements>
          <modeler:editor-resource-id><![CDATA[sid-FC5DCC39-EB46-4914-9551-447D34FD0FA3]]></modeler:editor-resource-id>
          <modeler:subprocess-element-id><![CDATA[sid-FC5DCC39-EB46-4914-9551-447D34FD0FA3]]></modeler:subprocess-element-id>
        </extensionElements>
        <signalEventDefinition signalRef="sig_download_azienda_dc"/>
      </intermediateCatchEvent>
      <userTask id="aic_fase_nazionale-dc_pubbl_gazzetta" name="Pubblicazione gazzetta" activiti:assignee="$INITIATOR">
        <extensionElements>
          <modeler:allow-send-email><![CDATA[true]]></modeler:allow-send-email>
          <modeler:activiti-idm-initiator><![CDATA[true]]></modeler:activiti-idm-initiator>
          <modeler:initiator-can-complete><![CDATA[false]]></modeler:initiator-can-complete>
          <modeler:editor-resource-id><![CDATA[sid-8332F872-CD15-41E9-930A-2A211526D9A9]]></modeler:editor-resource-id>
          <modeler:subprocess-element-id><![CDATA[dc_pubbl_gazzetta]]></modeler:subprocess-element-id>
        </extensionElements>
      </userTask>
      <inclusiveGateway id="aic_fase_nazionale-sid-8E32BEC4-B990-4A33-A474-18BB8B0DBF31">
        <extensionElements>
          <modeler:editor-resource-id><![CDATA[sid-8E32BEC4-B990-4A33-A474-18BB8B0DBF31]]></modeler:editor-resource-id>
          <modeler:subprocess-element-id><![CDATA[sid-8E32BEC4-B990-4A33-A474-18BB8B0DBF31]]></modeler:subprocess-element-id>
        </extensionElements>
      </inclusiveGateway>
      <sequenceFlow id="aic_fase_nazionale-sid-D51F7B41-D53A-4377-B85E-14EA09CA2352" sourceRef="aic_fase_nazionale-sid-11BACB26-0606-4A08-AB70-A5343064FA23" targetRef="aic_fase_nazionale-sid-FC5DCC39-EB46-4914-9551-447D34FD0FA3">
        <extensionElements>
          <modeler:editor-resource-id><![CDATA[sid-D51F7B41-D53A-4377-B85E-14EA09CA2352]]></modeler:editor-resource-id>
          <modeler:subprocess-element-id><![CDATA[sid-D51F7B41-D53A-4377-B85E-14EA09CA2352]]></modeler:subprocess-element-id>
        </extensionElements>
      </sequenceFlow>
      <sequenceFlow id="aic_fase_nazionale-sid-7E9288E9-AD58-4770-A862-75DDEBF2E187" sourceRef="aic_fase_nazionale-sid-11BACB26-0606-4A08-AB70-A5343064FA23" targetRef="aic_fase_nazionale-dc_pubbl_gazzetta">
        <extensionElements>
          <modeler:editor-resource-id><![CDATA[sid-7E9288E9-AD58-4770-A862-75DDEBF2E187]]></modeler:editor-resource-id>
          <modeler:subprocess-element-id><![CDATA[sid-7E9288E9-AD58-4770-A862-75DDEBF2E187]]></modeler:subprocess-element-id>
        </extensionElements>
      </sequenceFlow>
      <sequenceFlow id="aic_fase_nazionale-sid-F3F6F3A3-E17D-48DF-92E0-7B66A3142E0D" sourceRef="aic_fase_nazionale-dc_pubbl_gazzetta" targetRef="aic_fase_nazionale-sid-8E32BEC4-B990-4A33-A474-18BB8B0DBF31">
        <extensionElements>
          <modeler:editor-resource-id><![CDATA[sid-F3F6F3A3-E17D-48DF-92E0-7B66A3142E0D]]></modeler:editor-resource-id>
          <modeler:subprocess-element-id><![CDATA[sid-F3F6F3A3-E17D-48DF-92E0-7B66A3142E0D]]></modeler:subprocess-element-id>
        </extensionElements>
      </sequenceFlow>
      <sequenceFlow id="aic_fase_nazionale-sid-DB060EAD-37A2-48EE-B57D-E3314FBF1F99" sourceRef="aic_fase_nazionale-sid-FC5DCC39-EB46-4914-9551-447D34FD0FA3" targetRef="aic_fase_nazionale-sid-8E32BEC4-B990-4A33-A474-18BB8B0DBF31">
        <extensionElements>
          <modeler:editor-resource-id><![CDATA[sid-DB060EAD-37A2-48EE-B57D-E3314FBF1F99]]></modeler:editor-resource-id>
          <modeler:subprocess-element-id><![CDATA[sid-DB060EAD-37A2-48EE-B57D-E3314FBF1F99]]></modeler:subprocess-element-id>
        </extensionElements>
      </sequenceFlow>
      <sequenceFlow id="aic_fase_nazionale-sid-A7DB4956-E6E2-4C9C-8609-28034AD0D3D3" sourceRef="aic_fase_nazionale-sid-8E32BEC4-B990-4A33-A474-18BB8B0DBF31" targetRef="aic_fase_nazionale-sid-09F0175D-6DE4-42B2-AB66-27492FA54FDC">
        <extensionElements>
          <modeler:editor-resource-id><![CDATA[sid-A7DB4956-E6E2-4C9C-8609-28034AD0D3D3]]></modeler:editor-resource-id>
          <modeler:subprocess-element-id><![CDATA[sid-A7DB4956-E6E2-4C9C-8609-28034AD0D3D3]]></modeler:subprocess-element-id>
        </extensionElements>
      </sequenceFlow>
      <sequenceFlow id="aic_fase_nazionale-sid-3AE44479-B47C-4B06-8BB2-750A5CEAB992" sourceRef="aic_fase_nazionale-sid-30D7C09C-9A60-4095-B9D0-6B991E8F978A" targetRef="aic_fase_nazionale-sid-11BACB26-0606-4A08-AB70-A5343064FA23">
        <extensionElements>
          <modeler:editor-resource-id><![CDATA[sid-3AE44479-B47C-4B06-8BB2-750A5CEAB992]]></modeler:editor-resource-id>
          <modeler:subprocess-element-id><![CDATA[sid-3AE44479-B47C-4B06-8BB2-750A5CEAB992]]></modeler:subprocess-element-id>
        </extensionElements>
      </sequenceFlow>
      <sequenceFlow id="aic_fase_nazionale-sid-3B0704F6-C0D9-4978-9472-CA468B723D72" sourceRef="aic_fase_nazionale-sid-30D7C09C-9A60-4095-B9D0-6B991E8F978A" targetRef="aic_fase_nazionale-vt_segr">
        <extensionElements>
          <modeler:editor-resource-id><![CDATA[sid-3B0704F6-C0D9-4978-9472-CA468B723D72]]></modeler:editor-resource-id>
          <modeler:subprocess-element-id><![CDATA[sid-3B0704F6-C0D9-4978-9472-CA468B723D72]]></modeler:subprocess-element-id>
        </extensionElements>
        <conditionExpression xsi:type="tFormalExpression"><![CDATA[${dc_riapri_segr}]]></conditionExpression>
      </sequenceFlow>
      <sequenceFlow id="aic_fase_nazionale-sid-78222B0E-42C4-4660-8EC8-9D1E234CF0C5" sourceRef="aic_fase_nazionale-sid-30D7C09C-9A60-4095-B9D0-6B991E8F978A" targetRef="aic_fase_nazionale-vs_valutazione">
        <extensionElements>
          <modeler:editor-resource-id><![CDATA[sid-78222B0E-42C4-4660-8EC8-9D1E234CF0C5]]></modeler:editor-resource-id>
          <modeler:subprocess-element-id><![CDATA[sid-78222B0E-42C4-4660-8EC8-9D1E234CF0C5]]></modeler:subprocess-element-id>
        </extensionElements>
        <conditionExpression xsi:type="tFormalExpression"><![CDATA[${dc_riapri_stampati}]]></conditionExpression>
      </sequenceFlow>
      <sequenceFlow id="aic_fase_nazionale-sid-291C055E-DCD2-4BF4-8666-C6084C600A46" sourceRef="aic_fase_nazionale-sid-30D7C09C-9A60-4095-B9D0-6B991E8F978A" targetRef="aic_fase_nazionale-vs_discr_hta">
        <extensionElements>
          <modeler:editor-resource-id><![CDATA[sid-291C055E-DCD2-4BF4-8666-C6084C600A46]]></modeler:editor-resource-id>
          <modeler:subprocess-element-id><![CDATA[sid-291C055E-DCD2-4BF4-8666-C6084C600A46]]></modeler:subprocess-element-id>
        </extensionElements>
        <conditionExpression xsi:type="tFormalExpression"><![CDATA[${dc_attesa_hta}]]></conditionExpression>
      </sequenceFlow>
    </subProcess>
    <sequenceFlow id="sid-3296E27A-9ED5-401F-9F00-4678E33E486C" sourceRef="ci_assegnazione" targetRef="gw_checkin">
      <extensionElements>
        <modeler:editor-resource-id><![CDATA[sid-3296E27A-9ED5-401F-9F00-4678E33E486C]]></modeler:editor-resource-id>
      </extensionElements>
    </sequenceFlow>
    <sequenceFlow id="sid-B94BC1E3-21E0-4937-ADB3-55366F45C98B" sourceRef="wait_assegnazione_ci" targetRef="notifica_assegnazione_ci">
      <extensionElements>
        <modeler:editor-resource-id><![CDATA[sid-B94BC1E3-21E0-4937-ADB3-55366F45C98B]]></modeler:editor-resource-id>
      </extensionElements>
    </sequenceFlow>
    <sequenceFlow id="sid-99348571-0E7F-4DF6-925D-A9BF932CA1E8" sourceRef="gw_checkin" targetRef="notifica_assegnazione_ci">
      <extensionElements>
        <modeler:editor-resource-id><![CDATA[sid-99348571-0E7F-4DF6-925D-A9BF932CA1E8]]></modeler:editor-resource-id>
      </extensionElements>
    </sequenceFlow>
    <userTask id="notifica_assegnazione_vt" name="Notifica assegnazione vt" activiti:assignee="$INITIATOR">
      <extensionElements>
        <modeler:allow-send-email><![CDATA[true]]></modeler:allow-send-email>
        <modeler:activiti-idm-initiator><![CDATA[true]]></modeler:activiti-idm-initiator>
        <modeler:initiator-can-complete><![CDATA[false]]></modeler:initiator-can-complete>
        <modeler:editor-resource-id><![CDATA[sid-F9E93DBB-5073-409D-85D4-47495008FA57]]></modeler:editor-resource-id>
      </extensionElements>
    </userTask>
    <intermediateCatchEvent id="sid-1A3B32F3-A86F-4DD9-B4EC-D9EB680862CD">
      <extensionElements>
        <modeler:editor-resource-id><![CDATA[sid-1A3B32F3-A86F-4DD9-B4EC-D9EB680862CD]]></modeler:editor-resource-id>
      </extensionElements>
      <signalEventDefinition signalRef="sig_notifica_assegnazione_vt"/>
    </intermediateCatchEvent>
    <sequenceFlow id="sid-B8FFC3D6-CFC3-4804-90DF-9D9941F25439" sourceRef="gtw_1" targetRef="wait_abort_process">
      <extensionElements>
        <modeler:editor-resource-id><![CDATA[sid-B8FFC3D6-CFC3-4804-90DF-9D9941F25439]]></modeler:editor-resource-id>
      </extensionElements>
    </sequenceFlow>
    <sequenceFlow id="sid-6C537240-C5C2-457A-869C-874FD29DF889" sourceRef="gtw_1" targetRef="sid-1A3B32F3-A86F-4DD9-B4EC-D9EB680862CD">
      <extensionElements>
        <modeler:editor-resource-id><![CDATA[sid-6C537240-C5C2-457A-869C-874FD29DF889]]></modeler:editor-resource-id>
      </extensionElements>
    </sequenceFlow>
    <sequenceFlow id="sid-8FFE91D0-F037-4512-870A-2D9B6BF7EBBF" sourceRef="notifica_assegnazione_vt" targetRef="sid-1A3B32F3-A86F-4DD9-B4EC-D9EB680862CD">
      <extensionElements>
        <modeler:editor-resource-id><![CDATA[sid-8FFE91D0-F037-4512-870A-2D9B6BF7EBBF]]></modeler:editor-resource-id>
      </extensionElements>
    </sequenceFlow>
    <sequenceFlow id="sid-C12D3B8B-6C67-400B-A87E-DE797DA6CDC1" sourceRef="gw_val_tec" targetRef="notifica_assegnazione_vt">
      <extensionElements>
        <modeler:editor-resource-id><![CDATA[sid-C12D3B8B-6C67-400B-A87E-DE797DA6CDC1]]></modeler:editor-resource-id>
      </extensionElements>
    </sequenceFlow>
    <boundaryEvent id="sid-09A61292-31A9-4545-9A9E-61BCD4EDBBF4" attachedToRef="notifica_assegnazione_ci">
      <extensionElements>
        <modeler:editor-resource-id><![CDATA[sid-09A61292-31A9-4545-9A9E-61BCD4EDBBF4]]></modeler:editor-resource-id>
      </extensionElements>
      <errorEventDefinition/>
    </boundaryEvent>
    <sequenceFlow id="sid-30BF9F96-46C3-4122-B548-A942419A3E28" sourceRef="sid-09A61292-31A9-4545-9A9E-61BCD4EDBBF4" targetRef="sid-FFB743AB-2202-4A01-A9FE-3F5EDC8165A4">
      <extensionElements>
        <modeler:editor-resource-id><![CDATA[sid-30BF9F96-46C3-4122-B548-A942419A3E28]]></modeler:editor-resource-id>
      </extensionElements>
    </sequenceFlow>
    <sequenceFlow id="sid-87C42228-2438-47BE-8BE1-FA26CCB398B3" sourceRef="ci_checkin" targetRef="sid-FFB743AB-2202-4A01-A9FE-3F5EDC8165A4">
      <extensionElements>
        <modeler:editor-resource-id><![CDATA[sid-87C42228-2438-47BE-8BE1-FA26CCB398B3]]></modeler:editor-resource-id>
      </extensionElements>
    </sequenceFlow>
    <userTask id="ci_inizio" name="Inizio checkin" activiti:candidateGroups="1008">
      <extensionElements>
        <modeler:allow-send-email><![CDATA[true]]></modeler:allow-send-email>
        <modeler:group-info-name-1008><![CDATA[amministratore-titolare-aic]]></modeler:group-info-name-1008>
        <modeler:activiti-idm-candidate-group><![CDATA[true]]></modeler:activiti-idm-candidate-group>
        <modeler:initiator-can-complete><![CDATA[false]]></modeler:initiator-can-complete>
        <modeler:editor-resource-id><![CDATA[sid-2212A068-BBBC-49E9-B61F-5480E54F54E8]]></modeler:editor-resource-id>
      </extensionElements>
    </userTask>
    <sequenceFlow id="sid-B8C9D789-A190-4113-B1E2-95EE1799B71B" sourceRef="ci_inizio" targetRef="ci_checkin">
      <extensionElements>
        <modeler:editor-resource-id><![CDATA[sid-B8C9D789-A190-4113-B1E2-95EE1799B71B]]></modeler:editor-resource-id>
      </extensionElements>
    </sequenceFlow>
    <userTask id="vt_inizio" name="Inizio vt" activiti:assignee="$INITIATOR">
      <extensionElements>
        <modeler:allow-send-email><![CDATA[true]]></modeler:allow-send-email>
        <modeler:activiti-idm-initiator><![CDATA[true]]></modeler:activiti-idm-initiator>
        <modeler:initiator-can-complete><![CDATA[false]]></modeler:initiator-can-complete>
        <modeler:editor-resource-id><![CDATA[sid-35C65099-5FC8-4571-B399-00F686D06A55]]></modeler:editor-resource-id>
      </extensionElements>
    </userTask>
    <parallelGateway id="gw_checkin">
      <extensionElements>
        <modeler:editor-resource-id><![CDATA[sid-E05527BD-7C77-45D7-ADCC-08FEC361220F]]></modeler:editor-resource-id>
      </extensionElements>
    </parallelGateway>
    <sequenceFlow id="sid-A7157EB0-213E-48A2-8E31-48AACB672AB9" sourceRef="gw_checkin" targetRef="ci_inizio">
      <extensionElements>
        <modeler:editor-resource-id><![CDATA[sid-A7157EB0-213E-48A2-8E31-48AACB672AB9]]></modeler:editor-resource-id>
      </extensionElements>
    </sequenceFlow>
    <sequenceFlow id="sid-D5DD8B5C-BAC9-4779-902F-BCA74A93A046" sourceRef="sid-3167A650-C07A-4FDA-B9B9-3826E12C09A0" targetRef="sid-FFB743AB-2202-4A01-A9FE-3F5EDC8165A4">
      <extensionElements>
        <modeler:editor-resource-id><![CDATA[sid-D5DD8B5C-BAC9-4779-902F-BCA74A93A046]]></modeler:editor-resource-id>
      </extensionElements>
    </sequenceFlow>
    <sequenceFlow id="sid-97F10EAA-0DDC-44F3-8AC7-2420E0B635DE" sourceRef="vt_inizio" targetRef="vt_ass">
      <extensionElements>
        <modeler:editor-resource-id><![CDATA[sid-97F10EAA-0DDC-44F3-8AC7-2420E0B635DE]]></modeler:editor-resource-id>
      </extensionElements>
    </sequenceFlow>
    <sequenceFlow id="sid-30CFC8E7-29D3-41D9-BFE8-0DBE0B6EB4BF" sourceRef="sid-1A3B32F3-A86F-4DD9-B4EC-D9EB680862CD" targetRef="notifica_assegnazione_vt">
      <extensionElements>
        <modeler:editor-resource-id><![CDATA[sid-30CFC8E7-29D3-41D9-BFE8-0DBE0B6EB4BF]]></modeler:editor-resource-id>
      </extensionElements>
    </sequenceFlow>
    <boundaryEvent id="sid-3167A650-C07A-4FDA-B9B9-3826E12C09A0" attachedToRef="notifica_assegnazione_vt">
      <extensionElements>
        <modeler:editor-resource-id><![CDATA[sid-3167A650-C07A-4FDA-B9B9-3826E12C09A0]]></modeler:editor-resource-id>
      </extensionElements>
      <errorEventDefinition/>
    </boundaryEvent>
    <sequenceFlow id="sid-734EAD96-F269-4443-8C68-270E686A3559" sourceRef="aic_fase_nazionale" targetRef="sid-FFB743AB-2202-4A01-A9FE-3F5EDC8165A4">
      <extensionElements>
        <modeler:editor-resource-id><![CDATA[sid-734EAD96-F269-4443-8C68-270E686A3559]]></modeler:editor-resource-id>
      </extensionElements>
    </sequenceFlow>
    <parallelGateway id="sid-A97C9364-6DE8-46C9-8948-417FDF6958FA">
      <extensionElements>
        <modeler:editor-resource-id><![CDATA[sid-A97C9364-6DE8-46C9-8948-417FDF6958FA]]></modeler:editor-resource-id>
      </extensionElements>
    </parallelGateway>
    <sequenceFlow id="sid-702D7166-352F-4ACF-982A-030087B8C311" sourceRef="vt_ass" targetRef="sid-A97C9364-6DE8-46C9-8948-417FDF6958FA">
      <extensionElements>
        <modeler:editor-resource-id><![CDATA[sid-702D7166-352F-4ACF-982A-030087B8C311]]></modeler:editor-resource-id>
      </extensionElements>
    </sequenceFlow>
    <sequenceFlow id="sid-033D5022-C5C7-4C0E-9C9F-37AE62A04D76" sourceRef="sid-A97C9364-6DE8-46C9-8948-417FDF6958FA" targetRef="vt_ass">
      <extensionElements>
        <modeler:editor-resource-id><![CDATA[sid-033D5022-C5C7-4C0E-9C9F-37AE62A04D76]]></modeler:editor-resource-id>
      </extensionElements>
      <conditionExpression xsi:type="tFormalExpression"><![CDATA[${!execution.getVariable('wkf.FORME_DOS_RESIDUE')}]]></conditionExpression>
    </sequenceFlow>
    <sequenceFlow id="sid-024CD19D-BDF1-4FD5-9794-DEB6E1DC71FB" sourceRef="sid-A97C9364-6DE8-46C9-8948-417FDF6958FA" targetRef="aic_fase_nazionale">
      <extensionElements>
        <modeler:editor-resource-id><![CDATA[sid-024CD19D-BDF1-4FD5-9794-DEB6E1DC71FB]]></modeler:editor-resource-id>
      </extensionElements>
    </sequenceFlow>
  </process>
  <bpmndi:BPMNDiagram id="BPMNDiagram_AIC3">
    <bpmndi:BPMNPlane bpmnElement="AIC3" id="BPMNPlane_AIC3">
      <bpmndi:BPMNShape bpmnElement="start_process" id="BPMNShape_start_process">
        <omgdc:Bounds height="30.0" width="30.0" x="45.0" y="515.0"/>
      </bpmndi:BPMNShape>
      <bpmndi:BPMNShape bpmnElement="ci_assegnazione" id="BPMNShape_ci_assegnazione">
        <omgdc:Bounds height="80.0" width="100.0" x="210.0" y="590.0"/>
      </bpmndi:BPMNShape>
      <bpmndi:BPMNShape bpmnElement="gtw_1" id="BPMNShape_gtw_1">
        <omgdc:Bounds height="40.0" width="40.0" x="240.0" y="510.0"/>
      </bpmndi:BPMNShape>
      <bpmndi:BPMNShape bpmnElement="vt_assegnazione" id="BPMNShape_vt_assegnazione">
        <omgdc:Bounds height="80.0" width="100.0" x="675.0" y="590.0"/>
      </bpmndi:BPMNShape>
      <bpmndi:BPMNShape bpmnElement="sid-FFB743AB-2202-4A01-A9FE-3F5EDC8165A4" id="BPMNShape_sid-FFB743AB-2202-4A01-A9FE-3F5EDC8165A4">
        <omgdc:Bounds height="28.0" width="28.0" x="1699.0" y="1760.0"/>
      </bpmndi:BPMNShape>
      <bpmndi:BPMNShape bpmnElement="errore_annulla" id="BPMNShape_errore_annulla">
        <omgdc:Bounds height="28.0" width="28.0" x="420.0" y="435.3849793032625"/>
      </bpmndi:BPMNShape>
      <bpmndi:BPMNShape bpmnElement="wait_abort_process" id="BPMNShape_wait_abort_process">
        <omgdc:Bounds height="30.0" width="30.0" x="245.0" y="434.3849793032625"/>
      </bpmndi:BPMNShape>
      <bpmndi:BPMNShape bpmnElement="wait_assegnazione_ci" id="BPMNShape_wait_assegnazione_ci">
        <omgdc:Bounds height="30.0" width="30.0" x="70.59750020531749" y="605.0"/>
      </bpmndi:BPMNShape>
      <bpmndi:BPMNShape bpmnElement="notifica_assegnazione_ci" id="BPMNShape_notifica_assegnazione_ci">
        <omgdc:Bounds height="80.0" width="99.99999999999994" x="35.597500205317544" y="705.0"/>
      </bpmndi:BPMNShape>
      <bpmndi:BPMNShape bpmnElement="ci_checkin" id="BPMNShape_ci_checkin">
        <omgdc:Bounds height="80.0" width="100.0" x="210.0" y="935.0"/>
      </bpmndi:BPMNShape>
      <bpmndi:BPMNShape bpmnElement="vt_ass" id="BPMNShape_vt_ass">
        <omgdc:Bounds height="80.0" width="100.0" x="945.0" y="825.0"/>
      </bpmndi:BPMNShape>
      <bpmndi:BPMNShape bpmnElement="gw_val_tec" id="BPMNShape_gw_val_tec">
        <omgdc:Bounds height="40.0" width="40.0" x="974.4316615323703" y="610.0"/>
      </bpmndi:BPMNShape>
      <bpmndi:BPMNShape bpmnElement="aic_fase_nazionale" id="BPMNShape_aic_fase_nazionale">
        <omgdc:Bounds height="715.0" width="1223.0" x="420.0" y="765.0"/>
      </bpmndi:BPMNShape>
      <bpmndi:BPMNShape bpmnElement="notifica_assegnazione_vt" id="BPMNShape_notifica_assegnazione_vt">
        <omgdc:Bounds height="80.0" width="100.00000000000023" x="1095.0" y="590.0"/>
      </bpmndi:BPMNShape>
      <bpmndi:BPMNShape bpmnElement="sid-1A3B32F3-A86F-4DD9-B4EC-D9EB680862CD" id="BPMNShape_sid-1A3B32F3-A86F-4DD9-B4EC-D9EB680862CD">
        <omgdc:Bounds height="30.0" width="30.0" x="979.4316615323703" y="457.0681087151061"/>
      </bpmndi:BPMNShape>
      <bpmndi:BPMNShape bpmnElement="sid-09A61292-31A9-4545-9A9E-61BCD4EDBBF4" id="BPMNShape_sid-09A61292-31A9-4545-9A9E-61BCD4EDBBF4">
        <omgdc:Bounds height="30.0" width="30.0" x="121.4456899182577" y="709.7902560204501"/>
      </bpmndi:BPMNShape>
      <bpmndi:BPMNShape bpmnElement="ci_inizio" id="BPMNShape_ci_inizio">
        <omgdc:Bounds height="80.0" width="100.0" x="210.0" y="800.0"/>
      </bpmndi:BPMNShape>
      <bpmndi:BPMNShape bpmnElement="vt_inizio" id="BPMNShape_vt_inizio">
        <omgdc:Bounds height="80.0" width="100.0" x="944.4316615323703" y="705.0"/>
      </bpmndi:BPMNShape>
      <bpmndi:BPMNShape bpmnElement="gw_checkin" id="BPMNShape_gw_checkin">
        <omgdc:Bounds height="40.0" width="40.0" x="240.0" y="725.0"/>
      </bpmndi:BPMNShape>
      <bpmndi:BPMNShape bpmnElement="sid-3167A650-C07A-4FDA-B9B9-3826E12C09A0" id="BPMNShape_sid-3167A650-C07A-4FDA-B9B9-3826E12C09A0">
        <omgdc:Bounds height="30.0" width="30.0" x="1129.0274559535806" y="655.3619670078725"/>
      </bpmndi:BPMNShape>
      <bpmndi:BPMNShape bpmnElement="sid-A97C9364-6DE8-46C9-8948-417FDF6958FA" id="BPMNShape_sid-A97C9364-6DE8-46C9-8948-417FDF6958FA">
        <omgdc:Bounds height="40.0" width="40.0" x="795.0" y="965.0"/>
      </bpmndi:BPMNShape>
      <bpmndi:BPMNShape bpmnElement="aic_fase_nazionale-startEvent1" id="BPMNShape_aic_fase_nazionale-startEvent1">
        <omgdc:Bounds height="30.0" width="30.0" x="450.0" y="895.0"/>
      </bpmndi:BPMNShape>
      <bpmndi:BPMNShape bpmnElement="aic_fase_nazionale-vt_segr" id="BPMNShape_aic_fase_nazionale-vt_segr">
        <omgdc:Bounds height="80.0" width="100.00000000000006" x="615.0" y="870.0"/>
      </bpmndi:BPMNShape>
      <bpmndi:BPMNShape bpmnElement="aic_fase_nazionale-sid-09F0175D-6DE4-42B2-AB66-27492FA54FDC" id="BPMNShape_aic_fase_nazionale-sid-09F0175D-6DE4-42B2-AB66-27492FA54FDC">
        <omgdc:Bounds height="28.0" width="28.0" x="1575.0" y="1303.10762248206"/>
      </bpmndi:BPMNShape>
      <bpmndi:BPMNShape bpmnElement="aic_fase_nazionale-vs_assegnazione" id="BPMNShape_aic_fase_nazionale-vs_assegnazione">
        <omgdc:Bounds height="80.0" width="100.0" x="1035.0" y="770.0"/>
      </bpmndi:BPMNShape>
      <bpmndi:BPMNShape bpmnElement="aic_fase_nazionale-sid-DE9B73AC-DEF8-4C22-A5B5-720BCF43882B" id="BPMNShape_aic_fase_nazionale-sid-DE9B73AC-DEF8-4C22-A5B5-720BCF43882B">
        <omgdc:Bounds height="40.0" width="40.0" x="1230.0" y="790.0"/>
      </bpmndi:BPMNShape>
      <bpmndi:BPMNShape bpmnElement="aic_fase_nazionale-notifica_assegnazione_vs" id="BPMNShape_aic_fase_nazionale-notifica_assegnazione_vs">
        <omgdc:Bounds height="80.0" width="100.0" x="1320.0" y="770.0000021674416"/>
      </bpmndi:BPMNShape>
      <bpmndi:BPMNShape bpmnElement="aic_fase_nazionale-vs_inizio" id="BPMNShape_aic_fase_nazionale-vs_inizio">
        <omgdc:Bounds height="80.0" width="100.0" x="1200.0" y="870.0"/>
      </bpmndi:BPMNShape>
      <bpmndi:BPMNShape bpmnElement="aic_fase_nazionale-sid-CCD5F96A-543C-4181-B68F-FA8E630C6986" id="BPMNShape_aic_fase_nazionale-sid-CCD5F96A-543C-4181-B68F-FA8E630C6986">
        <omgdc:Bounds height="40.0" width="40.0" x="1110.0" y="890.0"/>
      </bpmndi:BPMNShape>
      <bpmndi:BPMNShape bpmnElement="aic_fase_nazionale-vs_valutazione" id="BPMNShape_aic_fase_nazionale-vs_valutazione">
        <omgdc:Bounds height="80.0" width="100.0" x="975.0" y="870.0"/>
      </bpmndi:BPMNShape>
      <bpmndi:BPMNShape bpmnElement="aic_fase_nazionale-sid-57A1C824-0504-45EE-90A6-3FDD761E20D8" id="BPMNShape_aic_fase_nazionale-sid-57A1C824-0504-45EE-90A6-3FDD761E20D8">
        <omgdc:Bounds height="30.0" width="30.0" x="1396.3678681597737" y="754.5834160322535"/>
      </bpmndi:BPMNShape>
      <bpmndi:BPMNShape bpmnElement="aic_fase_nazionale-sid-16564F58-B64B-4FAE-9F29-E09070C76FB7" id="BPMNShape_aic_fase_nazionale-sid-16564F58-B64B-4FAE-9F29-E09070C76FB7">
        <omgdc:Bounds height="30.0" width="30.0" x="1455.0" y="895.0"/>
      </bpmndi:BPMNShape>
      <bpmndi:BPMNShape bpmnElement="aic_fase_nazionale-sid-08F55D72-8052-4D52-A788-BED50B7F0555" id="BPMNShape_aic_fase_nazionale-sid-08F55D72-8052-4D52-A788-BED50B7F0555">
        <omgdc:Bounds height="40.0" width="40.0" x="885.0" y="890.0"/>
      </bpmndi:BPMNShape>
      <bpmndi:BPMNShape bpmnElement="aic_fase_nazionale-sid-3535A875-4A16-4D13-B0D1-83A7DFEBF975" id="BPMNShape_aic_fase_nazionale-sid-3535A875-4A16-4D13-B0D1-83A7DFEBF975">
        <omgdc:Bounds height="40.0" width="40.0" x="885.0" y="1004.0"/>
      </bpmndi:BPMNShape>
      <bpmndi:BPMNShape bpmnElement="aic_fase_nazionale-vs_discr_hta" id="BPMNShape_aic_fase_nazionale-vs_discr_hta">
        <omgdc:Bounds height="30.0" width="30.0" x="1010.0" y="1009.0"/>
      </bpmndi:BPMNShape>
      <bpmndi:BPMNShape bpmnElement="aic_fase_nazionale-dc_assegnazione" id="BPMNShape_aic_fase_nazionale-dc_assegnazione">
        <omgdc:Bounds height="80.0" width="100.0" x="855.0" y="1095.0"/>
      </bpmndi:BPMNShape>
      <bpmndi:BPMNShape bpmnElement="aic_fase_nazionale-sid-7017DE9C-C529-4B1D-984F-B81CB831C794" id="BPMNShape_aic_fase_nazionale-sid-7017DE9C-C529-4B1D-984F-B81CB831C794">
        <omgdc:Bounds height="40.0" width="40.0" x="885.0" y="1233.0"/>
      </bpmndi:BPMNShape>
      <bpmndi:BPMNShape bpmnElement="aic_fase_nazionale-notifica_assegnazione_dc" id="BPMNShape_aic_fase_nazionale-notifica_assegnazione_dc">
        <omgdc:Bounds height="80.0" width="100.0" x="855.0" y="1305.0"/>
      </bpmndi:BPMNShape>
      <bpmndi:BPMNShape bpmnElement="aic_fase_nazionale-sid-EB85A700-8B8B-4DD5-9C93-B868F3B2D44A" id="BPMNShape_aic_fase_nazionale-sid-EB85A700-8B8B-4DD5-9C93-B868F3B2D44A">
        <omgdc:Bounds height="30.0" width="30.0" x="925.4719212229393" y="1287.10762248206"/>
      </bpmndi:BPMNShape>
      <bpmndi:BPMNShape bpmnElement="aic_fase_nazionale-dc_inizio" id="BPMNShape_aic_fase_nazionale-dc_inizio">
        <omgdc:Bounds height="80.0" width="100.0" x="705.0" y="1215.0"/>
      </bpmndi:BPMNShape>
      <bpmndi:BPMNShape bpmnElement="aic_fase_nazionale-dc_decretazione" id="BPMNShape_aic_fase_nazionale-dc_decretazione">
        <omgdc:Bounds height="80.0" width="100.0" x="708.0" y="1095.0"/>
      </bpmndi:BPMNShape>
      <bpmndi:BPMNShape bpmnElement="aic_fase_nazionale-sid-30D7C09C-9A60-4095-B9D0-6B991E8F978A" id="BPMNShape_aic_fase_nazionale-sid-30D7C09C-9A60-4095-B9D0-6B991E8F978A">
        <omgdc:Bounds height="40.0" width="40.0" x="738.0" y="945.0"/>
      </bpmndi:BPMNShape>
      <bpmndi:BPMNShape bpmnElement="aic_fase_nazionale-sid-74383AE4-CAD3-470A-B88A-4BCA1BE7D615" id="BPMNShape_aic_fase_nazionale-sid-74383AE4-CAD3-470A-B88A-4BCA1BE7D615">
        <omgdc:Bounds height="40.0" width="40.0" x="945.0" y="790.0"/>
      </bpmndi:BPMNShape>
      <bpmndi:BPMNShape bpmnElement="aic_fase_nazionale-sid-AE8B6925-3E74-46BC-B74B-AD0CCE0C5B8A" id="BPMNShape_aic_fase_nazionale-sid-AE8B6925-3E74-46BC-B74B-AD0CCE0C5B8A">
        <omgdc:Bounds height="30.0" width="30.0" x="990.0" y="1410.0"/>
      </bpmndi:BPMNShape>
      <bpmndi:BPMNShape bpmnElement="aic_fase_nazionale-sid-11BACB26-0606-4A08-AB70-A5343064FA23" id="BPMNShape_aic_fase_nazionale-sid-11BACB26-0606-4A08-AB70-A5343064FA23">
        <omgdc:Bounds height="40.0" width="40.0" x="540.0" y="1026.0"/>
      </bpmndi:BPMNShape>
      <bpmndi:BPMNShape bpmnElement="aic_fase_nazionale-sid-FC5DCC39-EB46-4914-9551-447D34FD0FA3" id="BPMNShape_aic_fase_nazionale-sid-FC5DCC39-EB46-4914-9551-447D34FD0FA3">
        <omgdc:Bounds height="30.0" width="30.0" x="465.0" y="1139.0"/>
      </bpmndi:BPMNShape>
      <bpmndi:BPMNShape bpmnElement="aic_fase_nazionale-dc_pubbl_gazzetta" id="BPMNShape_aic_fase_nazionale-dc_pubbl_gazzetta">
        <omgdc:Bounds height="80.0" width="100.0" x="570.0" y="1095.0"/>
      </bpmndi:BPMNShape>
      <bpmndi:BPMNShape bpmnElement="aic_fase_nazionale-sid-8E32BEC4-B990-4A33-A474-18BB8B0DBF31" id="BPMNShape_aic_fase_nazionale-sid-8E32BEC4-B990-4A33-A474-18BB8B0DBF31">
        <omgdc:Bounds height="40.0" width="40.0" x="540.0" y="1251.6666666666667"/>
      </bpmndi:BPMNShape>
      <bpmndi:BPMNEdge bpmnElement="sid-2E0CD49E-7687-4D6A-81ED-D49E06B1961A" id="BPMNEdge_sid-2E0CD49E-7687-4D6A-81ED-D49E06B1961A">
        <omgdi:waypoint x="275.0" y="449.3849793032625"/>
        <omgdi:waypoint x="420.0" y="449.3849793032625"/>
      </bpmndi:BPMNEdge>
      <bpmndi:BPMNEdge bpmnElement="sid-87C42228-2438-47BE-8BE1-FA26CCB398B3" id="BPMNEdge_sid-87C42228-2438-47BE-8BE1-FA26CCB398B3">
        <omgdi:waypoint x="310.0" y="999.8484848484849"/>
        <omgdi:waypoint x="577.4628596770126" y="1132.7694211728183"/>
      </bpmndi:BPMNEdge>
      <bpmndi:BPMNEdge bpmnElement="sid-30BF9F96-46C3-4122-B548-A942419A3E28" id="BPMNEdge_sid-30BF9F96-46C3-4122-B548-A942419A3E28">
        <omgdi:waypoint x="136.4349491913255" y="739.7902521750091"/>
        <omgdi:waypoint x="136.14909559203963" y="1139.0"/>
        <omgdi:waypoint x="576.0" y="1139.0"/>
      </bpmndi:BPMNEdge>
      <bpmndi:BPMNEdge bpmnElement="sid-5656AE54-5CDA-48AC-97E7-0B4393CDA2CE" id="BPMNEdge_sid-5656AE54-5CDA-48AC-97E7-0B4393CDA2CE">
        <omgdi:waypoint x="279.9785177228786" y="530.0214822771213"/>
        <omgdi:waypoint x="725.0" y="530.5"/>
        <omgdi:waypoint x="725.0" y="590.0"/>
      </bpmndi:BPMNEdge>
      <bpmndi:BPMNEdge bpmnElement="sid-BA98DB4F-ACF6-4B4C-8788-48A5D8AD5642" id="BPMNEdge_sid-BA98DB4F-ACF6-4B4C-8788-48A5D8AD5642">
        <omgdi:waypoint x="246.8078025033718" y="536.8078025033718"/>
        <omgdi:waypoint x="98.92725216179895" y="613.1212128410106"/>
      </bpmndi:BPMNEdge>
      <bpmndi:BPMNEdge bpmnElement="sid-B8C9D789-A190-4113-B1E2-95EE1799B71B" id="BPMNEdge_sid-B8C9D789-A190-4113-B1E2-95EE1799B71B">
        <omgdi:waypoint x="260.0" y="880.0"/>
        <omgdi:waypoint x="260.0" y="935.0"/>
      </bpmndi:BPMNEdge>
      <bpmndi:BPMNEdge bpmnElement="sid-702D7166-352F-4ACF-982A-030087B8C311" id="BPMNEdge_sid-702D7166-352F-4ACF-982A-030087B8C311">
        <omgdi:waypoint x="994.0" y="905.0"/>
        <omgdi:waypoint x="992.0" y="985.0"/>
        <omgdi:waypoint x="835.0" y="985.0"/>
      </bpmndi:BPMNEdge>
      <bpmndi:BPMNEdge bpmnElement="sid-30CFC8E7-29D3-41D9-BFE8-0DBE0B6EB4BF" id="BPMNEdge_sid-30CFC8E7-29D3-41D9-BFE8-0DBE0B6EB4BF">
        <omgdi:waypoint x="1004.7821475846933" y="482.9247858531933"/>
        <omgdi:waypoint x="1106.8649945257682" y="590.0"/>
      </bpmndi:BPMNEdge>
      <bpmndi:BPMNEdge bpmnElement="sid-622FF18A-FA40-45E5-B17B-66EF03EEC2F0" id="BPMNEdge_sid-622FF18A-FA40-45E5-B17B-66EF03EEC2F0">
        <omgdi:waypoint x="994.4316615323703" y="650.0"/>
        <omgdi:waypoint x="994.4316615323703" y="705.0"/>
      </bpmndi:BPMNEdge>
      <bpmndi:BPMNEdge bpmnElement="sid-024CD19D-BDF1-4FD5-9794-DEB6E1DC71FB" id="BPMNEdge_sid-024CD19D-BDF1-4FD5-9794-DEB6E1DC71FB">
        <omgdi:waypoint x="815.0" y="965.0"/>
        <omgdi:waypoint x="815.0" y="905.0"/>
        <omgdi:waypoint x="470.0" y="905.0"/>
        <omgdi:waypoint x="470.0" y="845.0"/>
      </bpmndi:BPMNEdge>
      <bpmndi:BPMNEdge bpmnElement="sid-B94BC1E3-21E0-4937-ADB3-55366F45C98B" id="BPMNEdge_sid-B94BC1E3-21E0-4937-ADB3-55366F45C98B">
        <omgdi:waypoint x="85.59750020531749" y="635.0"/>
        <omgdi:waypoint x="85.59750020531752" y="705.0"/>
      </bpmndi:BPMNEdge>
      <bpmndi:BPMNEdge bpmnElement="sid-3296E27A-9ED5-401F-9F00-4678E33E486C" id="BPMNEdge_sid-3296E27A-9ED5-401F-9F00-4678E33E486C">
        <omgdi:waypoint x="260.0" y="670.0"/>
        <omgdi:waypoint x="260.0" y="725.0"/>
      </bpmndi:BPMNEdge>
      <bpmndi:BPMNEdge bpmnElement="sid-6C537240-C5C2-457A-869C-874FD29DF889" id="BPMNEdge_sid-6C537240-C5C2-457A-869C-874FD29DF889">
        <omgdi:waypoint x="278.5377446734162" y="528.5377446734162"/>
        <omgdi:waypoint x="979.478110172574" y="473.247643254632"/>
      </bpmndi:BPMNEdge>
      <bpmndi:BPMNEdge bpmnElement="sid-C12D3B8B-6C67-400B-A87E-DE797DA6CDC1" id="BPMNEdge_sid-C12D3B8B-6C67-400B-A87E-DE797DA6CDC1">
        <omgdi:waypoint x="1014.4316615323703" y="630.0"/>
        <omgdi:waypoint x="1095.0" y="630.0"/>
      </bpmndi:BPMNEdge>
      <bpmndi:BPMNEdge bpmnElement="sid-B8FFC3D6-CFC3-4804-90DF-9D9941F25439" id="BPMNEdge_sid-B8FFC3D6-CFC3-4804-90DF-9D9941F25439">
        <omgdi:waypoint x="260.0" y="510.0"/>
        <omgdi:waypoint x="260.0" y="464.3849793032625"/>
      </bpmndi:BPMNEdge>
      <bpmndi:BPMNEdge bpmnElement="sid-577C7CE1-630B-41C6-BDA3-F158FEA47E1B" id="BPMNEdge_sid-577C7CE1-630B-41C6-BDA3-F158FEA47E1B">
        <omgdi:waypoint x="35.597500205317544" y="758.2792267275399"/>
        <omgdi:waypoint x="17.42583388376484" y="763.1053402695619"/>
        <omgdi:waypoint x="17.42583388376484" y="620.0"/>
        <omgdi:waypoint x="70.59750020531749" y="620.0"/>
      </bpmndi:BPMNEdge>
      <bpmndi:BPMNEdge bpmnElement="sid-8FFE91D0-F037-4512-870A-2D9B6BF7EBBF" id="BPMNEdge_sid-8FFE91D0-F037-4512-870A-2D9B6BF7EBBF">
        <omgdi:waypoint x="1145.0" y="590.0"/>
        <omgdi:waypoint x="1145.0000000000002" y="472.0681087151061"/>
        <omgdi:waypoint x="1009.4316615323703" y="472.0681087151061"/>
      </bpmndi:BPMNEdge>
      <bpmndi:BPMNEdge bpmnElement="sid-99348571-0E7F-4DF6-925D-A9BF932CA1E8" id="BPMNEdge_sid-99348571-0E7F-4DF6-925D-A9BF932CA1E8">
        <omgdi:waypoint x="240.0" y="745.0"/>
        <omgdi:waypoint x="135.5975002053175" y="745.0"/>
      </bpmndi:BPMNEdge>
      <bpmndi:BPMNEdge bpmnElement="sid-734EAD96-F269-4443-8C68-270E686A3559" id="BPMNEdge_sid-734EAD96-F269-4443-8C68-270E686A3559">
        <omgdi:waypoint x="1643.0" y="1440.0"/>
        <omgdi:waypoint x="1671.0" y="1440.0"/>
        <omgdi:waypoint x="1671.0" y="1774.0"/>
        <omgdi:waypoint x="1699.0" y="1774.0"/>
      </bpmndi:BPMNEdge>
      <bpmndi:BPMNEdge bpmnElement="sid-033D5022-C5C7-4C0E-9C9F-37AE62A04D76" id="BPMNEdge_sid-033D5022-C5C7-4C0E-9C9F-37AE62A04D76">
        <omgdi:waypoint x="815.082304526749" y="965.082304526749"/>
        <omgdi:waypoint x="815.5" y="864.0"/>
        <omgdi:waypoint x="945.0" y="864.7214484679666"/>
      </bpmndi:BPMNEdge>
      <bpmndi:BPMNEdge bpmnElement="sid-1571B446-552B-4448-A4AC-E855CA73A2D6" id="BPMNEdge_sid-1571B446-552B-4448-A4AC-E855CA73A2D6">
        <omgdi:waypoint x="775.0" y="630.0"/>
        <omgdi:waypoint x="974.4316615323703" y="630.0"/>
      </bpmndi:BPMNEdge>
      <bpmndi:BPMNEdge bpmnElement="sid-97F10EAA-0DDC-44F3-8AC7-2420E0B635DE" id="BPMNEdge_sid-97F10EAA-0DDC-44F3-8AC7-2420E0B635DE">
        <omgdi:waypoint x="994.6211076882469" y="785.0"/>
        <omgdi:waypoint x="994.8105538441234" y="825.0"/>
      </bpmndi:BPMNEdge>
      <bpmndi:BPMNEdge bpmnElement="sid-D0360B24-529D-4963-BC11-4A0A997F023B" id="BPMNEdge_sid-D0360B24-529D-4963-BC11-4A0A997F023B">
        <omgdi:waypoint x="260.0" y="550.0"/>
        <omgdi:waypoint x="260.0" y="590.0"/>
      </bpmndi:BPMNEdge>
      <bpmndi:BPMNEdge bpmnElement="sid-A7157EB0-213E-48A2-8E31-48AACB672AB9" id="BPMNEdge_sid-A7157EB0-213E-48A2-8E31-48AACB672AB9">
        <omgdi:waypoint x="260.0" y="765.0"/>
        <omgdi:waypoint x="260.0" y="800.0"/>
      </bpmndi:BPMNEdge>
      <bpmndi:BPMNEdge bpmnElement="sid-D5DD8B5C-BAC9-4779-902F-BCA74A93A046" id="BPMNEdge_sid-D5DD8B5C-BAC9-4779-902F-BCA74A93A046">
        <omgdi:waypoint x="1145.013865817655" y="685.3294983868293"/>
        <omgdi:waypoint x="1174.91225363463" y="1139.0"/>
        <omgdi:waypoint x="604.0" y="1139.0"/>
      </bpmndi:BPMNEdge>
      <bpmndi:BPMNEdge bpmnElement="sid-AA71456A-D247-4349-B0F9-439895D4D623" id="BPMNEdge_sid-AA71456A-D247-4349-B0F9-439895D4D623">
        <omgdi:waypoint x="75.0" y="530.0"/>
        <omgdi:waypoint x="240.0" y="530.0"/>
      </bpmndi:BPMNEdge>
      <bpmndi:BPMNEdge bpmnElement="aic_fase_nazionale-sid-C3DE764B-C930-4426-9E5E-2F3B8703FAA7" id="BPMNEdge_aic_fase_nazionale-sid-C3DE764B-C930-4426-9E5E-2F3B8703FAA7">
        <omgdi:waypoint x="1200.0" y="910.0"/>
        <omgdi:waypoint x="1150.0" y="910.0"/>
      </bpmndi:BPMNEdge>
      <bpmndi:BPMNEdge bpmnElement="aic_fase_nazionale-sid-15F27961-2533-4BDF-BF6C-31994077F3DC" id="BPMNEdge_aic_fase_nazionale-sid-15F27961-2533-4BDF-BF6C-31994077F3DC">
        <omgdi:waypoint x="985.0" y="810.0"/>
        <omgdi:waypoint x="1035.0" y="810.0"/>
      </bpmndi:BPMNEdge>
      <bpmndi:BPMNEdge bpmnElement="aic_fase_nazionale-sid-53478902-EA84-488E-BB81-CEC22BBBC16A" id="BPMNEdge_aic_fase_nazionale-sid-53478902-EA84-488E-BB81-CEC22BBBC16A">
        <omgdi:waypoint x="972.5" y="822.5"/>
        <omgdi:waypoint x="1001.0" y="870.0"/>
      </bpmndi:BPMNEdge>
      <bpmndi:BPMNEdge bpmnElement="aic_fase_nazionale-sid-2621C919-6248-44D0-BEAB-0A6DA75F7CFD" id="BPMNEdge_aic_fase_nazionale-sid-2621C919-6248-44D0-BEAB-0A6DA75F7CFD">
        <omgdi:waypoint x="975.0" y="910.0"/>
        <omgdi:waypoint x="925.0" y="910.0"/>
      </bpmndi:BPMNEdge>
      <bpmndi:BPMNEdge bpmnElement="aic_fase_nazionale-sid-242A1B07-154F-40A8-8542-CD6970B32B14" id="BPMNEdge_aic_fase_nazionale-sid-242A1B07-154F-40A8-8542-CD6970B32B14">
        <omgdi:waypoint x="905.0" y="1175.0"/>
        <omgdi:waypoint x="905.0" y="1233.0"/>
      </bpmndi:BPMNEdge>
      <bpmndi:BPMNEdge bpmnElement="aic_fase_nazionale-sid-F0A708D8-1B7D-4B78-9C0F-57BE56335508" id="BPMNEdge_aic_fase_nazionale-sid-F0A708D8-1B7D-4B78-9C0F-57BE56335508">
        <omgdi:waypoint x="955.4679105983986" y="1302.4544692077345"/>
        <omgdi:waypoint x="1575.0037432495712" y="1316.7838988714302"/>
      </bpmndi:BPMNEdge>
      <bpmndi:BPMNEdge bpmnElement="aic_fase_nazionale-sid-5A160887-89F6-4058-9B1C-A1A2B60FD804" id="BPMNEdge_aic_fase_nazionale-sid-5A160887-89F6-4058-9B1C-A1A2B60FD804">
        <omgdi:waypoint x="905.0" y="1273.0"/>
        <omgdi:waypoint x="905.0" y="1305.0"/>
      </bpmndi:BPMNEdge>
      <bpmndi:BPMNEdge bpmnElement="aic_fase_nazionale-sid-D398F86C-49B1-43E6-9C69-35FA9F147118" id="BPMNEdge_aic_fase_nazionale-sid-D398F86C-49B1-43E6-9C69-35FA9F147118">
        <omgdi:waypoint x="1250.0" y="830.0"/>
        <omgdi:waypoint x="1250.0" y="870.0"/>
      </bpmndi:BPMNEdge>
      <bpmndi:BPMNEdge bpmnElement="aic_fase_nazionale-sid-DB060EAD-37A2-48EE-B57D-E3314FBF1F99" id="BPMNEdge_aic_fase_nazionale-sid-DB060EAD-37A2-48EE-B57D-E3314FBF1F99">
        <omgdi:waypoint x="471.83565432313753" y="1141.41654023455"/>
        <omgdi:waypoint x="480.0" y="1271.6666666666667"/>
        <omgdi:waypoint x="552.094861660079" y="1259.5718050065877"/>
      </bpmndi:BPMNEdge>
      <bpmndi:BPMNEdge bpmnElement="aic_fase_nazionale-sid-F3F6F3A3-E17D-48DF-92E0-7B66A3142E0D" id="BPMNEdge_aic_fase_nazionale-sid-F3F6F3A3-E17D-48DF-92E0-7B66A3142E0D">
        <omgdi:waypoint x="593.262599469496" y="1095.0"/>
        <omgdi:waypoint x="620.0" y="1271.6666666666667"/>
        <omgdi:waypoint x="553.6" y="1258.0666666666668"/>
      </bpmndi:BPMNEdge>
      <bpmndi:BPMNEdge bpmnElement="aic_fase_nazionale-sid-16F9FEB5-09C2-4106-A23B-64A4CA934192" id="BPMNEdge_aic_fase_nazionale-sid-16F9FEB5-09C2-4106-A23B-64A4CA934192">
        <omgdi:waypoint x="1406.7219752492485" y="755.3210291680595"/>
        <omgdi:waypoint x="1589.0" y="790.5403729148483"/>
        <omgdi:waypoint x="1584.6705514236342" y="1303.7938748870135"/>
      </bpmndi:BPMNEdge>
      <bpmndi:BPMNEdge bpmnElement="aic_fase_nazionale-sid-FDC75086-FA2A-4F5F-A63F-790A47F22448" id="BPMNEdge_aic_fase_nazionale-sid-FDC75086-FA2A-4F5F-A63F-790A47F22448">
        <omgdi:waypoint x="885.0" y="910.0"/>
        <omgdi:waypoint x="715.0" y="910.0"/>
      </bpmndi:BPMNEdge>
      <bpmndi:BPMNEdge bpmnElement="aic_fase_nazionale-sid-11E14E22-E1B0-4B9A-947E-978EC4A21A0C" id="BPMNEdge_aic_fase_nazionale-sid-11E14E22-E1B0-4B9A-947E-978EC4A21A0C">
        <omgdi:waypoint x="905.0" y="930.0"/>
        <omgdi:waypoint x="905.0" y="1004.0"/>
      </bpmndi:BPMNEdge>
      <bpmndi:BPMNEdge bpmnElement="aic_fase_nazionale-sid-3B0704F6-C0D9-4978-9472-CA468B723D72" id="BPMNEdge_aic_fase_nazionale-sid-3B0704F6-C0D9-4978-9472-CA468B723D72">
        <omgdi:waypoint x="745.4324324324324" y="957.5675675675676"/>
        <omgdi:waypoint x="715.0" y="939.5698924731182"/>
      </bpmndi:BPMNEdge>
      <bpmndi:BPMNEdge bpmnElement="aic_fase_nazionale-sid-7E9288E9-AD58-4770-A862-75DDEBF2E187" id="BPMNEdge_aic_fase_nazionale-sid-7E9288E9-AD58-4770-A862-75DDEBF2E187">
        <omgdi:waypoint x="553.5971542907959" y="1032.402845709204"/>
        <omgdi:waypoint x="620.0" y="1046.5"/>
        <omgdi:waypoint x="600.3163444639719" y="1095.0"/>
      </bpmndi:BPMNEdge>
      <bpmndi:BPMNEdge bpmnElement="aic_fase_nazionale-sid-974BA9CC-15FA-4934-915F-95D8058FE7E2" id="BPMNEdge_aic_fase_nazionale-sid-974BA9CC-15FA-4934-915F-95D8058FE7E2">
        <omgdi:waypoint x="756.0" y="1215.0"/>
        <omgdi:waypoint x="757.0" y="1175.0"/>
      </bpmndi:BPMNEdge>
      <bpmndi:BPMNEdge bpmnElement="aic_fase_nazionale-sid-F80D6000-FD51-43F8-99C5-7B266009F01B" id="BPMNEdge_aic_fase_nazionale-sid-F80D6000-FD51-43F8-99C5-7B266009F01B">
        <omgdi:waypoint x="758.0" y="1095.0"/>
        <omgdi:waypoint x="758.0" y="985.0"/>
      </bpmndi:BPMNEdge>
      <bpmndi:BPMNEdge bpmnElement="aic_fase_nazionale-sid-88FA1EEA-0A65-4B13-B18A-5EAEF1F763A9" id="BPMNEdge_aic_fase_nazionale-sid-88FA1EEA-0A65-4B13-B18A-5EAEF1F763A9">
        <omgdi:waypoint x="955.0" y="1385.0"/>
        <omgdi:waypoint x="993.2869678583545" y="1415.6295742866837"/>
      </bpmndi:BPMNEdge>
      <bpmndi:BPMNEdge bpmnElement="aic_fase_nazionale-sid-278CE474-25F4-486D-BE45-E2C13F4DA1BC" id="BPMNEdge_aic_fase_nazionale-sid-278CE474-25F4-486D-BE45-E2C13F4DA1BC">
        <omgdi:waypoint x="1463.4482437075155" y="896.5065019552419"/>
        <omgdi:waypoint x="1470.0" y="810.0000021674416"/>
        <omgdi:waypoint x="1353.2679738562092" y="770.0000021674416"/>
      </bpmndi:BPMNEdge>
      <bpmndi:BPMNEdge bpmnElement="aic_fase_nazionale-sid-A7DB4956-E6E2-4C9C-8609-28034AD0D3D3" id="BPMNEdge_aic_fase_nazionale-sid-A7DB4956-E6E2-4C9C-8609-28034AD0D3D3">
        <omgdi:waypoint x="551.2069868995633" y="1260.4596797671034"/>
        <omgdi:waypoint x="560.5" y="1502.0"/>
        <omgdi:waypoint x="1589.0" y="1502.0"/>
        <omgdi:waypoint x="1580.7898620481662" y="1305.767709130898"/>
      </bpmndi:BPMNEdge>
      <bpmndi:BPMNEdge bpmnElement="aic_fase_nazionale-sid-CBEBD7D9-7BC5-4329-9AB8-AAE0A8E807B5" id="BPMNEdge_aic_fase_nazionale-sid-CBEBD7D9-7BC5-4329-9AB8-AAE0A8E807B5">
        <omgdi:waypoint x="480.0" y="910.0"/>
        <omgdi:waypoint x="615.0" y="910.0"/>
      </bpmndi:BPMNEdge>
      <bpmndi:BPMNEdge bpmnElement="aic_fase_nazionale-sid-D51F7B41-D53A-4377-B85E-14EA09CA2352" id="BPMNEdge_aic_fase_nazionale-sid-D51F7B41-D53A-4377-B85E-14EA09CA2352">
        <omgdi:waypoint x="552.0917358639779" y="1033.9082641360221"/>
        <omgdi:waypoint x="480.0" y="1046.5"/>
        <omgdi:waypoint x="473.4939301282722" y="1140.4844143736132"/>
      </bpmndi:BPMNEdge>
      <bpmndi:BPMNEdge bpmnElement="aic_fase_nazionale-sid-291C055E-DCD2-4BF4-8666-C6084C600A46" id="BPMNEdge_aic_fase_nazionale-sid-291C055E-DCD2-4BF4-8666-C6084C600A46">
        <omgdi:waypoint x="774.3803680981595" y="968.6196319018405"/>
        <omgdi:waypoint x="1010.3533322462998" y="1020.763470421467"/>
      </bpmndi:BPMNEdge>
      <bpmndi:BPMNEdge bpmnElement="aic_fase_nazionale-sid-82235FB4-DA1A-46F8-A4B9-067C9C28ABE1" id="BPMNEdge_aic_fase_nazionale-sid-82235FB4-DA1A-46F8-A4B9-067C9C28ABE1">
        <omgdi:waypoint x="1038.3099167309688" y="1030.9170887383839"/>
        <omgdi:waypoint x="1576.5774110510959" y="1310.6516729929017"/>
      </bpmndi:BPMNEdge>
      <bpmndi:BPMNEdge bpmnElement="aic_fase_nazionale-sid-32C6B870-1872-403B-B988-342BF64C311E" id="BPMNEdge_aic_fase_nazionale-sid-32C6B870-1872-403B-B988-342BF64C311E">
        <omgdi:waypoint x="925.0" y="1024.0"/>
        <omgdi:waypoint x="1010.0" y="1024.0"/>
      </bpmndi:BPMNEdge>
      <bpmndi:BPMNEdge bpmnElement="aic_fase_nazionale-sid-EE142236-9A79-4399-90E2-0C1C906FCFDC" id="BPMNEdge_aic_fase_nazionale-sid-EE142236-9A79-4399-90E2-0C1C906FCFDC">
        <omgdi:waypoint x="1269.9999996387598" y="810.0000003612403"/>
        <omgdi:waypoint x="1320.0" y="810.0000012643409"/>
      </bpmndi:BPMNEdge>
      <bpmndi:BPMNEdge bpmnElement="aic_fase_nazionale-sid-EEB9CCEF-5BB0-4F8F-BBD1-F831345B19E7" id="BPMNEdge_aic_fase_nazionale-sid-EEB9CCEF-5BB0-4F8F-BBD1-F831345B19E7">
        <omgdi:waypoint x="1410.0000008669767" y="850.0000021674416"/>
        <omgdi:waypoint x="1459.3933981672558" y="899.3933983971477"/>
      </bpmndi:BPMNEdge>
      <bpmndi:BPMNEdge bpmnElement="aic_fase_nazionale-sid-65B5F96E-B230-4574-9789-DF19CF8960B4" id="BPMNEdge_aic_fase_nazionale-sid-65B5F96E-B230-4574-9789-DF19CF8960B4">
        <omgdi:waypoint x="996.5675675675676" y="1412.5945945945946"/>
        <omgdi:waypoint x="905.0" y="1425.0"/>
        <omgdi:waypoint x="880.4744525547445" y="1305.0"/>
      </bpmndi:BPMNEdge>
      <bpmndi:BPMNEdge bpmnElement="aic_fase_nazionale-sid-48960C85-2EC8-4568-981D-70B1F2CADD91" id="BPMNEdge_aic_fase_nazionale-sid-48960C85-2EC8-4568-981D-70B1F2CADD91">
        <omgdi:waypoint x="1135.0" y="810.0"/>
        <omgdi:waypoint x="1230.0" y="810.0"/>
      </bpmndi:BPMNEdge>
      <bpmndi:BPMNEdge bpmnElement="aic_fase_nazionale-sid-B90F8E5A-7CCE-4344-B185-3AC35C50D3F7" id="BPMNEdge_aic_fase_nazionale-sid-B90F8E5A-7CCE-4344-B185-3AC35C50D3F7">
        <omgdi:waypoint x="1075.0" y="946.0911012838706"/>
        <omgdi:waypoint x="1577.6483349315458" y="1308.9137406075367"/>
      </bpmndi:BPMNEdge>
      <bpmndi:BPMNEdge bpmnElement="aic_fase_nazionale-sid-B7C7FFDB-CFDE-4076-A2DF-7ED2C1262849" id="BPMNEdge_aic_fase_nazionale-sid-B7C7FFDB-CFDE-4076-A2DF-7ED2C1262849">
        <omgdi:waypoint x="905.0" y="1044.0"/>
        <omgdi:waypoint x="905.0" y="1095.0"/>
      </bpmndi:BPMNEdge>
      <bpmndi:BPMNEdge bpmnElement="aic_fase_nazionale-sid-F6998FB9-634A-4EC4-B229-CC46B9A6A6B3" id="BPMNEdge_aic_fase_nazionale-sid-F6998FB9-634A-4EC4-B229-CC46B9A6A6B3">
        <omgdi:waypoint x="715.0" y="893.3333333333334"/>
        <omgdi:waypoint x="950.0" y="815.0"/>
      </bpmndi:BPMNEdge>
      <bpmndi:BPMNEdge bpmnElement="aic_fase_nazionale-sid-78222B0E-42C4-4660-8EC8-9D1E234CF0C5" id="BPMNEdge_aic_fase_nazionale-sid-78222B0E-42C4-4660-8EC8-9D1E234CF0C5">
        <omgdi:waypoint x="774.583850931677" y="961.583850931677"/>
        <omgdi:waypoint x="975.0" y="920.2996254681648"/>
      </bpmndi:BPMNEdge>
      <bpmndi:BPMNEdge bpmnElement="aic_fase_nazionale-sid-3AE44479-B47C-4B06-8BB2-750A5CEAB992" id="BPMNEdge_aic_fase_nazionale-sid-3AE44479-B47C-4B06-8BB2-750A5CEAB992">
        <omgdi:waypoint x="749.0596745027125" y="953.9403254972875"/>
        <omgdi:waypoint x="560.0" y="965.5"/>
        <omgdi:waypoint x="553.362307388384" y="1032.6376926116159"/>
      </bpmndi:BPMNEdge>
      <bpmndi:BPMNEdge bpmnElement="aic_fase_nazionale-sid-2981A5B4-FD78-45E5-B61A-C7EDF44D84E5" id="BPMNEdge_aic_fase_nazionale-sid-2981A5B4-FD78-45E5-B61A-C7EDF44D84E5">
        <omgdi:waypoint x="1110.0" y="910.0"/>
        <omgdi:waypoint x="1075.0" y="910.0"/>
      </bpmndi:BPMNEdge>
      <bpmndi:BPMNEdge bpmnElement="aic_fase_nazionale-sid-6C7D3EF0-0201-4A30-B24C-561C2CFB6A0F" id="BPMNEdge_aic_fase_nazionale-sid-6C7D3EF0-0201-4A30-B24C-561C2CFB6A0F">
        <omgdi:waypoint x="885.2631578947369" y="1253.2631578947369"/>
        <omgdi:waypoint x="805.0" y="1254.3333333333333"/>
      </bpmndi:BPMNEdge>
    </bpmndi:BPMNPlane>
  </bpmndi:BPMNDiagram>
</definitions>