{"resourceId":2008,"properties":{"process_id":"AIC3","name":"AIC3","documentation":"","process_author":"","process_version":"","process_namespace":"http://www.activiti.org/processdef","executionlisteners":"{\"executionListeners\":[]}","eventlisteners":"{\"eventListeners\":[]}","signaldefinitions":"[{\"id\":\"annulla_processo\",\"name\":\"Annulla processo\",\"scope\":\"processInstance\"},{\"id\":\"sig_notifica_assegnazione_ci\",\"name\":\"Notifica assegnazione ci\",\"scope\":\"processInstance\"},{\"id\":\"sig_apertura_jolly_ci\",\"name\":\"Apertura jolly ci\",\"scope\":\"processInstance\"},{\"id\":\"sig_apertura_jolly_vt\",\"name\":\"Apertura jolly vt\",\"scope\":\"processInstance\"},{\"id\":\"sig_apertura_jolly_vt_segr\",\"name\":\"Apertura jolly vt segretariato\",\"scope\":\"processInstance\"},{\"id\":\"sig_notifica_assegnazione_vt\",\"name\":\"Notifica assegnazione vt\",\"scope\":\"processInstance\"},{\"id\":\"sig_notifica_assegnazione_vs\",\"name\":\"Notifica assegnazione vs\",\"scope\":\"processInstance\"},{\"id\":\"sig_notifica_assegnazione_dc\",\"name\":\"Notifica assegnazione dc\",\"scope\":\"processInstance\"},{\"id\":\"sig_decr_hta\",\"name\":\"Decretazione HTA\",\"scope\":\"processInstance\"},{\"id\":\"sig_download_azienda_dc\",\"name\":\"Download decreto da azienda\",\"scope\":\"processInstance\"}]","messagedefinitions":"[]","executionvariables":"","metadata":""},"stencil":{"id":"BPMNDiagram"},"childShapes":[{"resourceId":"sid-AD633255-5038-43D7-B7E8-04E9C4935558","properties":{"overrideid":"start_process","name":"","documentation":"","executionlisteners":{"executionListeners":[]},"initiator":"","formkeydefinition":"","formreference":"","fieldstovariables":"","formproperties":"","asynchronousdefinition":false,"exclusivedefinition":false},"stencil":{"id":"StartNoneEvent"},"childShapes":[],"outgoing":[{"resourceId":"sid-AA71456A-D247-4349-B0F9-439895D4D623"}],"bounds":{"lowerRight":{"x":75,"y":545},"upperLeft":{"x":45,"y":515}},"dockers":[]},{"resourceId":"sid-562A43D7-D6FD-4531-8D75-C539F341DB71","properties":{"overrideid":"ci_assegnazione","name":"Ass. check-in","documentation":"","asynchronousdefinition":false,"exclusivedefinition":false,"executionlisteners":{"executionListeners":[]},"multiinstance_type":"None","multiinstance_cardinality":"","multiinstance_collection":"","multiinstance_variable":"","multiinstance_condition":"","isforcompensation":false,"usertasksendemail":true,"usertaskassignment":{"assignment":{"type":"idm","idm":{"candidateGroups":[{"id":1007,"name":"coordinatore-amministrativo"}],"type":"groups"},"initiatorCanCompleteTask":false}},"formkeydefinition":"","formreference":{"id":2004,"name":"assegnazione"},"fieldstovariables":"","duedatedefinition":"","prioritydefinition":"","categorydefinition":"","formproperties":"","tasklisteners":{"taskListeners":[]},"emailtemplate":""},"stencil":{"id":"UserTask"},"childShapes":[],"outgoing":[{"resourceId":"sid-3296E27A-9ED5-401F-9F00-4678E33E486C"}],"bounds":{"lowerRight":{"x":310,"y":670},"upperLeft":{"x":210,"y":590}},"dockers":[]},{"resourceId":"sid-4FA15318-4569-4D33-AAD3-66C9FF3F2559","properties":{"overrideid":"gtw_1","name":"","documentation":"","asynchronousdefinition":false,"exclusivedefinition":false,"sequencefloworder":"","executionlisteners":{"executionListeners":[]}},"stencil":{"id":"ParallelGateway"},"childShapes":[],"outgoing":[{"resourceId":"sid-BA98DB4F-ACF6-4B4C-8788-48A5D8AD5642"},{"resourceId":"sid-5656AE54-5CDA-48AC-97E7-0B4393CDA2CE"},{"resourceId":"sid-D0360B24-529D-4963-BC11-4A0A997F023B"},{"resourceId":"sid-B8FFC3D6-CFC3-4804-90DF-9D9941F25439"},{"resourceId":"sid-6C537240-C5C2-457A-869C-874FD29DF889"}],"bounds":{"lowerRight":{"x":280,"y":550},"upperLeft":{"x":240,"y":510}},"dockers":[]},{"resourceId":"sid-AA71456A-D247-4349-B0F9-439895D4D623","properties":{"overrideid":"sid-AA71456A-D247-4349-B0F9-439895D4D623","name":"","documentation":"","conditionsequenceflow":"","executionlisteners":{"executionListeners":[]},"defaultflow":"false"},"stencil":{"id":"SequenceFlow"},"childShapes":[],"outgoing":[{"resourceId":"sid-4FA15318-4569-4D33-AAD3-66C9FF3F2559"}],"bounds":{"lowerRight":{"x":240.25,"y":530},"upperLeft":{"x":75.0625,"y":530}},"dockers":[{"x":15,"y":15},{"x":20,"y":20}],"target":{"resourceId":"sid-4FA15318-4569-4D33-AAD3-66C9FF3F2559"}},{"resourceId":"sid-20F15234-506D-4B1E-B73B-CF29FF4FC0F3","properties":{"overrideid":"vt_assegnazione","name":"Ass. val. tecnica","documentation":"","asynchronousdefinition":false,"exclusivedefinition":false,"executionlisteners":{"executionListeners":[]},"multiinstance_type":"None","multiinstance_cardinality":"","multiinstance_collection":"","multiinstance_variable":"","multiinstance_condition":"","isforcompensation":false,"usertasksendemail":true,"usertaskassignment":{"assignment":{"type":"idm","idm":{"candidateGroups":[{"id":1005,"name":"coordinatore-tecnico"}],"type":"groups"},"initiatorCanCompleteTask":false}},"formkeydefinition":"","formreference":"","fieldstovariables":"","duedatedefinition":"","prioritydefinition":"","categorydefinition":"","formproperties":"","tasklisteners":{"taskListeners":[]},"emailtemplate":""},"stencil":{"id":"UserTask"},"childShapes":[],"outgoing":[{"resourceId":"sid-1571B446-552B-4448-A4AC-E855CA73A2D6"}],"bounds":{"lowerRight":{"x":775,"y":670},"upperLeft":{"x":675,"y":590}},"dockers":[]},{"resourceId":"sid-FFB743AB-2202-4A01-A9FE-3F5EDC8165A4","properties":{"overrideid":"sid-FFB743AB-2202-4A01-A9FE-3F5EDC8165A4","name":"","documentation":"","executionlisteners":{"executionListeners":[]},"asynchronousdefinition":false,"exclusivedefinition":false},"stencil":{"id":"EndNoneEvent"},"childShapes":[],"outgoing":[],"bounds":{"lowerRight":{"x":604,"y":1153},"upperLeft":{"x":576,"y":1125}},"dockers":[]},{"resourceId":"sid-8AC844A6-1EB1-4D62-8830-192194BED3FC","properties":{"overrideid":"errore_annulla","name":"","documentation":"","executionlisteners":{"executionListeners":[]},"errorref":"","asynchronousdefinition":false,"exclusivedefinition":false},"stencil":{"id":"EndErrorEvent"},"childShapes":[],"outgoing":[],"bounds":{"lowerRight":{"x":448,"y":463.3849793032625},"upperLeft":{"x":420,"y":435.3849793032625}},"dockers":[{"x":434,"y":449.3849793032625}]},{"resourceId":"sid-37924BDD-2D31-4959-9DAB-90A121DD054B","properties":{"overrideid":"wait_abort_process","name":"","documentation":"","executionlisteners":{"executionListeners":[]},"signalref":"annulla_processo","asynchronousdefinition":false,"exclusivedefinition":false},"stencil":{"id":"CatchSignalEvent"},"childShapes":[],"outgoing":[{"resourceId":"sid-2E0CD49E-7687-4D6A-81ED-D49E06B1961A"}],"bounds":{"lowerRight":{"x":275,"y":464.3849793032625},"upperLeft":{"x":245,"y":434.3849793032625}},"dockers":[{"x":260,"y":449.3849793032625}]},{"resourceId":"sid-2E0CD49E-7687-4D6A-81ED-D49E06B1961A","properties":{"overrideid":"sid-2E0CD49E-7687-4D6A-81ED-D49E06B1961A","name":"","documentation":"","conditionsequenceflow":"","executionlisteners":{"executionListeners":[]},"defaultflow":"false"},"stencil":{"id":"SequenceFlow"},"childShapes":[],"outgoing":[{"resourceId":"sid-8AC844A6-1EB1-4D62-8830-192194BED3FC"}],"bounds":{"lowerRight":{"x":419.40625,"y":449.3849793032625},"upperLeft":{"x":275.953125,"y":449.3849793032625}},"dockers":[{"x":15,"y":15},{"x":14,"y":14}],"target":{"resourceId":"sid-8AC844A6-1EB1-4D62-8830-192194BED3FC"}},{"resourceId":"sid-2512D135-650B-4806-9D4F-7B91EA620366","properties":{"overrideid":"wait_assegnazione_ci","name":"","documentation":"","executionlisteners":{"executionListeners":[]},"signalref":"sig_notifica_assegnazione_ci","asynchronousdefinition":false,"exclusivedefinition":false},"stencil":{"id":"CatchSignalEvent"},"childShapes":[],"outgoing":[{"resourceId":"sid-B94BC1E3-21E0-4937-ADB3-55366F45C98B"}],"bounds":{"lowerRight":{"x":100.59750020531749,"y":635},"upperLeft":{"x":70.59750020531749,"y":605}},"dockers":[{"x":85.59750020531749,"y":620}]},{"resourceId":"sid-BA98DB4F-ACF6-4B4C-8788-48A5D8AD5642","properties":{"overrideid":"sid-BA98DB4F-ACF6-4B4C-8788-48A5D8AD5642","name":"","documentation":"","conditionsequenceflow":"","executionlisteners":{"executionListeners":[]},"defaultflow":"false"},"stencil":{"id":"SequenceFlow"},"childShapes":[],"outgoing":[{"resourceId":"sid-2512D135-650B-4806-9D4F-7B91EA620366"}],"bounds":{"lowerRight":{"x":246.1674143379313,"y":612.8617266894007},"upperLeft":{"x":99.4300858673862,"y":537.1382733105993}},"dockers":[{"x":20,"y":20},{"x":15,"y":15}],"target":{"resourceId":"sid-2512D135-650B-4806-9D4F-7B91EA620366"}},{"resourceId":"sid-AB1F7B5A-2519-4A5F-849F-206762F5C6E9","properties":{"overrideid":"notifica_assegnazione_ci","name":"Notifica assegnazione ci","documentation":"","asynchronousdefinition":false,"exclusivedefinition":false,"executionlisteners":{"executionListeners":[]},"multiinstance_type":"Parallel","multiinstance_cardinality":"1","multiinstance_collection":"","multiinstance_variable":"","multiinstance_condition":"","isforcompensation":false,"usertasksendemail":true,"usertaskassignment":{"assignment":{"type":"idm","idm":{"candidateGroups":[{"id":1008,"name":"referente-amministrativo"}],"type":"groups"},"initiatorCanCompleteTask":false}},"formkeydefinition":"","formreference":"","fieldstovariables":"","duedatedefinition":"","prioritydefinition":"","categorydefinition":"","formproperties":"","tasklisteners":{"taskListeners":[]},"emailtemplate":""},"stencil":{"id":"UserTask"},"childShapes":[],"outgoing":[{"resourceId":"sid-577C7CE1-630B-41C6-BDA3-F158FEA47E1B"},{"resourceId":"sid-09A61292-31A9-4545-9A9E-61BCD4EDBBF4"}],"bounds":{"lowerRight":{"x":135.5975002053175,"y":785},"upperLeft":{"x":35.597500205317544,"y":705}},"dockers":[]},{"resourceId":"sid-577C7CE1-630B-41C6-BDA3-F158FEA47E1B","properties":{"overrideid":"sid-577C7CE1-630B-41C6-BDA3-F158FEA47E1B","name":"","documentation":"","conditionsequenceflow":"","executionlisteners":{"executionListeners":[]},"defaultflow":"false"},"stencil":{"id":"SequenceFlow"},"childShapes":[],"outgoing":[{"resourceId":"sid-2512D135-650B-4806-9D4F-7B91EA620366"}],"bounds":{"lowerRight":{"x":69.68494819747785,"y":763.1053402695619},"upperLeft":{"x":17.42583388376484,"y":620}},"dockers":[{"x":49.99999999999997,"y":40},{"x":17.42583388376484,"y":763.1053402695619},{"x":17.42583388376484,"y":620},{"x":15,"y":15}],"target":{"resourceId":"sid-2512D135-650B-4806-9D4F-7B91EA620366"}},{"resourceId":"sid-99D7204F-5B0E-4E6E-BBB9-298B4A7849F0","properties":{"overrideid":"ci_checkin","name":"Check-in","documentation":"","asynchronousdefinition":false,"exclusivedefinition":false,"executionlisteners":{"executionListeners":[]},"multiinstance_type":"None","multiinstance_cardinality":"","multiinstance_collection":"","multiinstance_variable":"","multiinstance_condition":"","isforcompensation":false,"usertasksendemail":true,"usertaskassignment":{"assignment":{"type":"idm","idm":{"type":"initiator"},"initiatorCanCompleteTask":false}},"formkeydefinition":"","formreference":"","fieldstovariables":"","duedatedefinition":"","prioritydefinition":"","categorydefinition":"","formproperties":"","tasklisteners":{"taskListeners":[]},"emailtemplate":""},"stencil":{"id":"UserTask"},"childShapes":[],"outgoing":[{"resourceId":"sid-87C42228-2438-47BE-8BE1-FA26CCB398B3"}],"bounds":{"lowerRight":{"x":310,"y":1015},"upperLeft":{"x":210,"y":935}},"dockers":[]},{"resourceId":"sid-1C0FA76E-0D37-46AF-92A8-A9686EA4C5C1","properties":{"overrideid":"vt_ass","name":"Assessment","documentation":"","asynchronousdefinition":false,"exclusivedefinition":false,"executionlisteners":{"executionListeners":[]},"multiinstance_type":"None","multiinstance_cardinality":"","multiinstance_collection":"","multiinstance_variable":"","multiinstance_condition":"","isforcompensation":false,"usertasksendemail":true,"usertaskassignment":{"assignment":{"type":"idm","idm":{"type":"initiator"},"initiatorCanCompleteTask":false}},"formkeydefinition":"","formreference":"","fieldstovariables":"","duedatedefinition":"","prioritydefinition":"","categorydefinition":"","formproperties":"","tasklisteners":{"taskListeners":[]},"emailtemplate":""},"stencil":{"id":"UserTask"},"childShapes":[],"outgoing":[{"resourceId":"sid-702D7166-352F-4ACF-982A-030087B8C311"}],"bounds":{"lowerRight":{"x":1045,"y":905},"upperLeft":{"x":945,"y":825}},"dockers":[]},{"resourceId":"sid-5656AE54-5CDA-48AC-97E7-0B4393CDA2CE","properties":{"overrideid":"sid-5656AE54-5CDA-48AC-97E7-0B4393CDA2CE","name":"","documentation":"","conditionsequenceflow":"","executionlisteners":{"executionListeners":[]},"defaultflow":"false"},"stencil":{"id":"SequenceFlow"},"childShapes":[],"outgoing":[{"resourceId":"sid-20F15234-506D-4B1E-B73B-CF29FF4FC0F3"}],"bounds":{"lowerRight":{"x":725,"y":589.35546875},"upperLeft":{"x":280.07226504689896,"y":530.0215830806956}},"dockers":[{"x":20,"y":20},{"x":725,"y":530.5},{"x":50,"y":40}],"target":{"resourceId":"sid-20F15234-506D-4B1E-B73B-CF29FF4FC0F3"}},{"resourceId":"sid-1571B446-552B-4448-A4AC-E855CA73A2D6","properties":{"overrideid":"sid-1571B446-552B-4448-A4AC-E855CA73A2D6","name":"","documentation":"","conditionsequenceflow":"","executionlisteners":{"executionListeners":[]},"defaultflow":"false"},"stencil":{"id":"SequenceFlow"},"childShapes":[],"outgoing":[{"resourceId":"sid-64210ED7-E677-461C-B53C-291FFC5BE30E"}],"bounds":{"lowerRight":{"x":974.4872478308755,"y":630},"upperLeft":{"x":775.4659691094587,"y":630}},"dockers":[{"x":50,"y":40},{"x":20,"y":20}],"target":{"resourceId":"sid-64210ED7-E677-461C-B53C-291FFC5BE30E"}},{"resourceId":"sid-D0360B24-529D-4963-BC11-4A0A997F023B","properties":{"overrideid":"sid-D0360B24-529D-4963-BC11-4A0A997F023B","name":"","documentation":"","conditionsequenceflow":"","executionlisteners":{"executionListeners":[]},"defaultflow":"false"},"stencil":{"id":"SequenceFlow"},"childShapes":[],"outgoing":[{"resourceId":"sid-562A43D7-D6FD-4531-8D75-C539F341DB71"}],"bounds":{"lowerRight":{"x":260,"y":589.9375},"upperLeft":{"x":260,"y":549.75}},"dockers":[{"x":20,"y":20},{"x":50,"y":40}],"target":{"resourceId":"sid-562A43D7-D6FD-4531-8D75-C539F341DB71"}},{"resourceId":"sid-64210ED7-E677-461C-B53C-291FFC5BE30E","properties":{"overrideid":"gw_val_tec","name":"","documentation":"","asynchronousdefinition":false,"exclusivedefinition":false,"sequencefloworder":"","executionlisteners":{"executionListeners":[]}},"stencil":{"id":"ParallelGateway"},"childShapes":[],"outgoing":[{"resourceId":"sid-622FF18A-FA40-45E5-B17B-66EF03EEC2F0"},{"resourceId":"sid-C12D3B8B-6C67-400B-A87E-DE797DA6CDC1"}],"bounds":{"lowerRight":{"x":1014.4316615323703,"y":650},"upperLeft":{"x":974.4316615323703,"y":610}},"dockers":[]},{"resourceId":"sid-622FF18A-FA40-45E5-B17B-66EF03EEC2F0","properties":{"overrideid":"sid-622FF18A-FA40-45E5-B17B-66EF03EEC2F0","name":"","documentation":"","conditionsequenceflow":"","executionlisteners":{"executionListeners":[]},"defaultflow":"false"},"stencil":{"id":"SequenceFlow"},"childShapes":[],"outgoing":[{"resourceId":"sid-35C65099-5FC8-4571-B399-00F686D06A55"}],"bounds":{"lowerRight":{"x":994.4316615323703,"y":704.46875},"upperLeft":{"x":994.4316615323703,"y":649.8671875}},"dockers":[{"x":20,"y":20},{"x":50,"y":40}],"target":{"resourceId":"sid-35C65099-5FC8-4571-B399-00F686D06A55"}},{"resourceId":"sid-C345F9FB-00B1-4968-A057-4411B4E5FFCB","properties":{"overrideid":"aic_fase_nazionale","name":"Fase nazionale","documentation":"","asynchronousdefinition":false,"exclusivedefinition":false,"executionlisteners":{"executionListeners":[{"event":"start","expression":"${execution.setVariableLocal('wkf.FORME_DOS_NAZ',execution.getVariable('wkf.tsk.FORME_DOS_NAZ'))}"}]},"subprocessreference":{"id":2005,"name":"AIC_FASE_NAZIONALE","referenceId":2008,"variablesmapping":[]},"multiinstance_type":"Parallel","multiinstance_cardinality":"1","multiinstance_collection":"","multiinstance_variable":"","multiinstance_condition":"","isforcompensation":false},"stencil":{"id":"SubProcessCollapsed"},"childShapes":[],"outgoing":[{"resourceId":"sid-734EAD96-F269-4443-8C68-270E686A3559"}],"bounds":{"lowerRight":{"x":520,"y":845},"upperLeft":{"x":420,"y":765}},"dockers":[]},{"resourceId":"sid-3296E27A-9ED5-401F-9F00-4678E33E486C","properties":{"overrideid":"sid-3296E27A-9ED5-401F-9F00-4678E33E486C","name":"","documentation":"","conditionsequenceflow":"","executionlisteners":{"executionListeners":[]},"defaultflow":"false"},"stencil":{"id":"SequenceFlow"},"childShapes":[],"outgoing":[{"resourceId":"sid-E05527BD-7C77-45D7-ADCC-08FEC361220F"}],"bounds":{"lowerRight":{"x":260,"y":725.1328125},"upperLeft":{"x":260,"y":670.53125}},"dockers":[{"x":50,"y":40},{"x":20,"y":20}],"target":{"resourceId":"sid-E05527BD-7C77-45D7-ADCC-08FEC361220F"}},{"resourceId":"sid-B94BC1E3-21E0-4937-ADB3-55366F45C98B","properties":{"overrideid":"sid-B94BC1E3-21E0-4937-ADB3-55366F45C98B","name":"","documentation":"","conditionsequenceflow":"","executionlisteners":{"executionListeners":[]},"defaultflow":"false"},"stencil":{"id":"SequenceFlow"},"childShapes":[],"outgoing":[{"resourceId":"sid-AB1F7B5A-2519-4A5F-849F-206762F5C6E9"}],"bounds":{"lowerRight":{"x":85.59750020531752,"y":704.9375},"upperLeft":{"x":85.59750020531749,"y":635.6484375}},"dockers":[{"x":15,"y":15},{"x":49.99999999999997,"y":40}],"target":{"resourceId":"sid-AB1F7B5A-2519-4A5F-849F-206762F5C6E9"}},{"resourceId":"sid-99348571-0E7F-4DF6-925D-A9BF932CA1E8","properties":{"overrideid":"sid-99348571-0E7F-4DF6-925D-A9BF932CA1E8","name":"","documentation":"","conditionsequenceflow":"","executionlisteners":{"executionListeners":[]},"defaultflow":"false"},"stencil":{"id":"SequenceFlow"},"childShapes":[],"outgoing":[{"resourceId":"sid-AB1F7B5A-2519-4A5F-849F-206762F5C6E9"}],"bounds":{"lowerRight":{"x":239.9247265849566,"y":745},"upperLeft":{"x":135.64820327257198,"y":745}},"dockers":[{"x":20,"y":20},{"x":49.99999999999997,"y":40}],"target":{"resourceId":"sid-AB1F7B5A-2519-4A5F-849F-206762F5C6E9"}},{"resourceId":"sid-F9E93DBB-5073-409D-85D4-47495008FA57","properties":{"overrideid":"notifica_assegnazione_vt","name":"Notifica assegnazione vt","documentation":"","asynchronousdefinition":false,"exclusivedefinition":false,"executionlisteners":{"executionListeners":[]},"multiinstance_type":"None","multiinstance_cardinality":"","multiinstance_collection":"","multiinstance_variable":"","multiinstance_condition":"","isforcompensation":false,"usertasksendemail":true,"usertaskassignment":{"assignment":{"type":"idm","idm":{"type":"initiator"},"initiatorCanCompleteTask":false}},"formkeydefinition":"","formreference":"","fieldstovariables":"","duedatedefinition":"","prioritydefinition":"","categorydefinition":"","formproperties":"","tasklisteners":{"taskListeners":[]},"emailtemplate":""},"stencil":{"id":"UserTask"},"childShapes":[],"outgoing":[{"resourceId":"sid-8FFE91D0-F037-4512-870A-2D9B6BF7EBBF"},{"resourceId":"sid-3167A650-C07A-4FDA-B9B9-3826E12C09A0"}],"bounds":{"lowerRight":{"x":1195.0000000000002,"y":670},"upperLeft":{"x":1095,"y":590}},"dockers":[]},{"resourceId":"sid-1A3B32F3-A86F-4DD9-B4EC-D9EB680862CD","properties":{"overrideid":"sid-1A3B32F3-A86F-4DD9-B4EC-D9EB680862CD","name":"","documentation":"","executionlisteners":{"executionListeners":[]},"signalref":"sig_notifica_assegnazione_vt","asynchronousdefinition":false,"exclusivedefinition":false},"stencil":{"id":"CatchSignalEvent"},"childShapes":[],"outgoing":[{"resourceId":"sid-30CFC8E7-29D3-41D9-BFE8-0DBE0B6EB4BF"}],"bounds":{"lowerRight":{"x":1009.4316615323703,"y":487.0681087151061},"upperLeft":{"x":979.4316615323703,"y":457.0681087151061}},"dockers":[{"x":994.4316615323703,"y":472.0681087151061}]},{"resourceId":"sid-B8FFC3D6-CFC3-4804-90DF-9D9941F25439","properties":{"overrideid":"sid-B8FFC3D6-CFC3-4804-90DF-9D9941F25439","name":"","documentation":"","conditionsequenceflow":"","executionlisteners":{"executionListeners":[]},"defaultflow":"false"},"stencil":{"id":"SequenceFlow"},"childShapes":[],"outgoing":[{"resourceId":"sid-37924BDD-2D31-4959-9DAB-90A121DD054B"}],"bounds":{"lowerRight":{"x":260,"y":510.1058545242022},"upperLeft":{"x":260,"y":464.8704908347076}},"dockers":[{"x":20,"y":20},{"x":15,"y":15}],"target":{"resourceId":"sid-37924BDD-2D31-4959-9DAB-90A121DD054B"}},{"resourceId":"sid-6C537240-C5C2-457A-869C-874FD29DF889","properties":{"overrideid":"sid-6C537240-C5C2-457A-869C-874FD29DF889","name":"","documentation":"","conditionsequenceflow":"","executionlisteners":{"executionListeners":[]},"defaultflow":"false"},"stencil":{"id":"SequenceFlow"},"childShapes":[],"outgoing":[{"resourceId":"sid-1A3B32F3-A86F-4DD9-B4EC-D9EB680862CD"}],"bounds":{"lowerRight":{"x":979.0903897190799,"y":528.563585662042},"upperLeft":{"x":278.2101454911513,"y":473.27822660273256}},"dockers":[{"x":20,"y":20},{"x":15,"y":15}],"target":{"resourceId":"sid-1A3B32F3-A86F-4DD9-B4EC-D9EB680862CD"}},{"resourceId":"sid-8FFE91D0-F037-4512-870A-2D9B6BF7EBBF","properties":{"overrideid":"sid-8FFE91D0-F037-4512-870A-2D9B6BF7EBBF","name":"","documentation":"","conditionsequenceflow":"","executionlisteners":{"executionListeners":[]},"defaultflow":"false"},"stencil":{"id":"SequenceFlow"},"childShapes":[],"outgoing":[{"resourceId":"sid-1A3B32F3-A86F-4DD9-B4EC-D9EB680862CD"}],"bounds":{"lowerRight":{"x":1145.0000000000002,"y":589.5170271787765},"upperLeft":{"x":1009.5474432637106,"y":472.0681087151061}},"dockers":[{"x":50.000000000000114,"y":40},{"x":1145.0000000000002,"y":472.0681087151061},{"x":15,"y":15}],"target":{"resourceId":"sid-1A3B32F3-A86F-4DD9-B4EC-D9EB680862CD"}},{"resourceId":"sid-C12D3B8B-6C67-400B-A87E-DE797DA6CDC1","properties":{"overrideid":"sid-C12D3B8B-6C67-400B-A87E-DE797DA6CDC1","name":"","documentation":"","conditionsequenceflow":"","executionlisteners":{"executionListeners":[]},"defaultflow":"false"},"stencil":{"id":"SequenceFlow"},"childShapes":[],"outgoing":[{"resourceId":"sid-F9E93DBB-5073-409D-85D4-47495008FA57"}],"bounds":{"lowerRight":{"x":1094.5947639403093,"y":630},"upperLeft":{"x":1014.252703840824,"y":630}},"dockers":[{"x":20,"y":20},{"x":50.000000000000114,"y":40}],"target":{"resourceId":"sid-F9E93DBB-5073-409D-85D4-47495008FA57"}},{"resourceId":"sid-09A61292-31A9-4545-9A9E-61BCD4EDBBF4","properties":{"overrideid":"sid-09A61292-31A9-4545-9A9E-61BCD4EDBBF4","name":"","documentation":"","errorref":"","cancelactivity":true,"executionlisteners":{"executionListeners":[]},"asynchronousdefinition":false,"exclusivedefinition":false},"stencil":{"id":"BoundaryErrorEvent"},"childShapes":[],"outgoing":[{"resourceId":"sid-30BF9F96-46C3-4122-B548-A942419A3E28"}],"bounds":{"lowerRight":{"x":151.4456899182577,"y":739.7902560204501},"upperLeft":{"x":121.4456899182577,"y":709.7902560204501}},"dockers":[{"x":85.73987242106114,"y":25.79509564511386}]},{"resourceId":"sid-30BF9F96-46C3-4122-B548-A942419A3E28","properties":{"overrideid":"sid-30BF9F96-46C3-4122-B548-A942419A3E28","name":"","documentation":"","conditionsequenceflow":"","executionlisteners":{"executionListeners":[]},"defaultflow":"false"},"stencil":{"id":"SequenceFlow"},"childShapes":[],"outgoing":[{"resourceId":"sid-FFB743AB-2202-4A01-A9FE-3F5EDC8165A4"}],"bounds":{"lowerRight":{"x":575.703586784923,"y":1139},"upperLeft":{"x":136.14909559203963,"y":740.3523170758685}},"dockers":[{"x":15,"y":15},{"x":136.14909559203963,"y":1139},{"x":14,"y":14}],"target":{"resourceId":"sid-FFB743AB-2202-4A01-A9FE-3F5EDC8165A4"}},{"resourceId":"sid-87C42228-2438-47BE-8BE1-FA26CCB398B3","properties":{"overrideid":"sid-87C42228-2438-47BE-8BE1-FA26CCB398B3","name":"","documentation":"","conditionsequenceflow":"","executionlisteners":{"executionListeners":[]},"defaultflow":"false"},"stencil":{"id":"SequenceFlow"},"childShapes":[],"outgoing":[{"resourceId":"sid-FFB743AB-2202-4A01-A9FE-3F5EDC8165A4"}],"bounds":{"lowerRight":{"x":576.8583962269295,"y":1132.4690211552013},"upperLeft":{"x":310.5244162730705,"y":1000.1091038447987}},"dockers":[{"x":50,"y":40},{"x":14,"y":14}],"target":{"resourceId":"sid-FFB743AB-2202-4A01-A9FE-3F5EDC8165A4"}},{"resourceId":"sid-2212A068-BBBC-49E9-B61F-5480E54F54E8","properties":{"overrideid":"ci_inizio","name":"Inizio checkin","documentation":"","asynchronousdefinition":false,"exclusivedefinition":false,"executionlisteners":{"executionListeners":[]},"multiinstance_type":"None","multiinstance_cardinality":"","multiinstance_collection":"","multiinstance_variable":"","multiinstance_condition":"","isforcompensation":false,"usertasksendemail":true,"usertaskassignment":{"assignment":{"type":"idm","idm":{"candidateGroups":[{"id":1008,"name":"referente-amministrativo"}],"type":"groups"},"initiatorCanCompleteTask":false}},"formkeydefinition":"","formreference":"","fieldstovariables":"","duedatedefinition":"","prioritydefinition":"","categorydefinition":"","formproperties":"","tasklisteners":{"taskListeners":[]},"emailtemplate":""},"stencil":{"id":"UserTask"},"childShapes":[],"outgoing":[{"resourceId":"sid-B8C9D789-A190-4113-B1E2-95EE1799B71B"}],"bounds":{"lowerRight":{"x":310,"y":880},"upperLeft":{"x":210,"y":800}},"dockers":[]},{"resourceId":"sid-B8C9D789-A190-4113-B1E2-95EE1799B71B","properties":{"overrideid":"sid-B8C9D789-A190-4113-B1E2-95EE1799B71B","name":"","documentation":"","conditionsequenceflow":"","executionlisteners":{"executionListeners":[]},"defaultflow":"false"},"stencil":{"id":"SequenceFlow"},"childShapes":[],"outgoing":[{"resourceId":"sid-99D7204F-5B0E-4E6E-BBB9-298B4A7849F0"}],"bounds":{"lowerRight":{"x":260,"y":934.9765625},"upperLeft":{"x":260,"y":880.0234375}},"dockers":[{"x":50,"y":40},{"x":50,"y":40}],"target":{"resourceId":"sid-99D7204F-5B0E-4E6E-BBB9-298B4A7849F0"}},{"resourceId":"sid-35C65099-5FC8-4571-B399-00F686D06A55","properties":{"overrideid":"vt_inizio","name":"Inizio vt","documentation":"","asynchronousdefinition":false,"exclusivedefinition":false,"executionlisteners":{"executionListeners":[]},"multiinstance_type":"None","multiinstance_cardinality":"","multiinstance_collection":"","multiinstance_variable":"","multiinstance_condition":"","isforcompensation":false,"usertasksendemail":true,"usertaskassignment":{"assignment":{"type":"idm","idm":{"type":"initiator"},"initiatorCanCompleteTask":false}},"formkeydefinition":"","formreference":"","fieldstovariables":"","duedatedefinition":"","prioritydefinition":"","categorydefinition":"","formproperties":"","tasklisteners":{"taskListeners":[]},"emailtemplate":""},"stencil":{"id":"UserTask"},"childShapes":[],"outgoing":[{"resourceId":"sid-97F10EAA-0DDC-44F3-8AC7-2420E0B635DE"}],"bounds":{"lowerRight":{"x":1044.4316615323703,"y":785},"upperLeft":{"x":944.4316615323703,"y":705}},"dockers":[]},{"resourceId":"sid-E05527BD-7C77-45D7-ADCC-08FEC361220F","properties":{"overrideid":"gw_checkin","name":"","documentation":"","asynchronousdefinition":false,"exclusivedefinition":false,"sequencefloworder":"","executionlisteners":{"executionListeners":[]}},"stencil":{"id":"ParallelGateway"},"childShapes":[],"outgoing":[{"resourceId":"sid-99348571-0E7F-4DF6-925D-A9BF932CA1E8"},{"resourceId":"sid-A7157EB0-213E-48A2-8E31-48AACB672AB9"}],"bounds":{"lowerRight":{"x":280,"y":765},"upperLeft":{"x":240,"y":725}},"dockers":[]},{"resourceId":"sid-A7157EB0-213E-48A2-8E31-48AACB672AB9","properties":{"overrideid":"sid-A7157EB0-213E-48A2-8E31-48AACB672AB9","name":"","documentation":"","conditionsequenceflow":"","executionlisteners":{"executionListeners":[]},"defaultflow":"false"},"stencil":{"id":"SequenceFlow"},"childShapes":[],"outgoing":[{"resourceId":"sid-2212A068-BBBC-49E9-B61F-5480E54F54E8"}],"bounds":{"lowerRight":{"x":260,"y":799.6640625},"upperLeft":{"x":260,"y":765.296875}},"dockers":[{"x":20,"y":20},{"x":50,"y":40}],"target":{"resourceId":"sid-2212A068-BBBC-49E9-B61F-5480E54F54E8"}},{"resourceId":"sid-D5DD8B5C-BAC9-4779-902F-BCA74A93A046","properties":{"overrideid":"sid-D5DD8B5C-BAC9-4779-902F-BCA74A93A046","name":"","documentation":"","conditionsequenceflow":"","executionlisteners":{"executionListeners":[]},"defaultflow":"false"},"stencil":{"id":"SequenceFlow"},"childShapes":[],"outgoing":[{"resourceId":"sid-FFB743AB-2202-4A01-A9FE-3F5EDC8165A4"}],"bounds":{"lowerRight":{"x":1174.91225363463,"y":1139},"upperLeft":{"x":604.7088809445615,"y":686.0047409641403}},"dockers":[{"x":15,"y":15},{"x":1174.91225363463,"y":1139},{"x":14,"y":14}],"target":{"resourceId":"sid-FFB743AB-2202-4A01-A9FE-3F5EDC8165A4"}},{"resourceId":"sid-97F10EAA-0DDC-44F3-8AC7-2420E0B635DE","properties":{"overrideid":"sid-97F10EAA-0DDC-44F3-8AC7-2420E0B635DE","name":"","documentation":"","conditionsequenceflow":"","executionlisteners":{"executionListeners":[]},"defaultflow":"false"},"stencil":{"id":"SequenceFlow"},"childShapes":[],"outgoing":[{"resourceId":"sid-1C0FA76E-0D37-46AF-92A8-A9686EA4C5C1"}],"bounds":{"lowerRight":{"x":994.8087778395299,"y":824.6250112153882},"upperLeft":{"x":994.6228836928404,"y":785.3749887846118}},"dockers":[{"x":50,"y":40},{"x":50,"y":40}],"target":{"resourceId":"sid-1C0FA76E-0D37-46AF-92A8-A9686EA4C5C1"}},{"resourceId":"sid-30CFC8E7-29D3-41D9-BFE8-0DBE0B6EB4BF","properties":{"overrideid":"sid-30CFC8E7-29D3-41D9-BFE8-0DBE0B6EB4BF","name":"","documentation":"","conditionsequenceflow":"","executionlisteners":{"executionListeners":[]},"defaultflow":"false"},"stencil":{"id":"SequenceFlow"},"childShapes":[],"outgoing":[{"resourceId":"sid-F9E93DBB-5073-409D-85D4-47495008FA57"}],"bounds":{"lowerRight":{"x":1106.6678829796044,"y":589.7932487029041},"upperLeft":{"x":1005.1203726622246,"y":483.2795518466161}},"dockers":[{"x":15,"y":15},{"x":50.000000000000114,"y":40}],"target":{"resourceId":"sid-F9E93DBB-5073-409D-85D4-47495008FA57"}},{"resourceId":"sid-3167A650-C07A-4FDA-B9B9-3826E12C09A0","properties":{"overrideid":"sid-3167A650-C07A-4FDA-B9B9-3826E12C09A0","name":"","documentation":"","errorref":"","cancelactivity":true,"executionlisteners":{"executionListeners":[]},"asynchronousdefinition":false,"exclusivedefinition":false},"stencil":{"id":"BoundaryErrorEvent"},"childShapes":[],"outgoing":[{"resourceId":"sid-D5DD8B5C-BAC9-4779-902F-BCA74A93A046"}],"bounds":{"lowerRight":{"x":1159.0274559535806,"y":685.3619670078725},"upperLeft":{"x":1129.0274559535806,"y":655.3619670078725}},"dockers":[{"x":49.38782325018428,"y":65.40620948739138}]},{"resourceId":"sid-734EAD96-F269-4443-8C68-270E686A3559","properties":{"overrideid":"sid-734EAD96-F269-4443-8C68-270E686A3559","name":"","documentation":"","conditionsequenceflow":"","executionlisteners":{"executionListeners":[]},"defaultflow":"false"},"stencil":{"id":"SequenceFlow"},"childShapes":[],"outgoing":[{"resourceId":"sid-FFB743AB-2202-4A01-A9FE-3F5EDC8165A4"}],"bounds":{"lowerRight":{"x":575.875,"y":1139},"upperLeft":{"x":520.96875,"y":805}},"dockers":[{"x":50,"y":40},{"x":548,"y":805},{"x":548,"y":1139},{"x":14,"y":14}],"target":{"resourceId":"sid-FFB743AB-2202-4A01-A9FE-3F5EDC8165A4"}},{"resourceId":"sid-A97C9364-6DE8-46C9-8948-417FDF6958FA","properties":{"overrideid":"sid-A97C9364-6DE8-46C9-8948-417FDF6958FA","name":"","documentation":"","asynchronousdefinition":false,"exclusivedefinition":false,"sequencefloworder":"","executionlisteners":{"executionListeners":[]}},"stencil":{"id":"ParallelGateway"},"childShapes":[],"outgoing":[{"resourceId":"sid-033D5022-C5C7-4C0E-9C9F-37AE62A04D76"},{"resourceId":"sid-024CD19D-BDF1-4FD5-9794-DEB6E1DC71FB"}],"bounds":{"lowerRight":{"x":835,"y":1005},"upperLeft":{"x":795,"y":965}},"dockers":[]},{"resourceId":"sid-702D7166-352F-4ACF-982A-030087B8C311","properties":{"overrideid":"sid-702D7166-352F-4ACF-982A-030087B8C311","name":"","documentation":"","conditionsequenceflow":"","executionlisteners":{"executionListeners":[]},"defaultflow":"false"},"stencil":{"id":"SequenceFlow"},"childShapes":[],"outgoing":[{"resourceId":"sid-A97C9364-6DE8-46C9-8948-417FDF6958FA"}],"bounds":{"lowerRight":{"x":993.9906328088398,"y":985},"upperLeft":{"x":835.359375,"y":905.3746876464081}},"dockers":[{"x":50,"y":40},{"x":992,"y":985},{"x":20,"y":20}],"target":{"resourceId":"sid-A97C9364-6DE8-46C9-8948-417FDF6958FA"}},{"resourceId":"sid-033D5022-C5C7-4C0E-9C9F-37AE62A04D76","properties":{"overrideid":"sid-033D5022-C5C7-4C0E-9C9F-37AE62A04D76","name":"","documentation":"","conditionsequenceflow":{"expression":{"type":"static","staticValue":"${!execution.getVariable('wkf.FORME_DOS_RESIDUE')}"}},"executionlisteners":{"executionListeners":[]},"defaultflow":"false"},"stencil":{"id":"SequenceFlow"},"childShapes":[],"outgoing":[{"resourceId":"sid-1C0FA76E-0D37-46AF-92A8-A9686EA4C5C1"}],"bounds":{"lowerRight":{"x":944.91798426783,"y":965.0937585375589},"upperLeft":{"x":815.0822571961257,"y":864}},"dockers":[{"x":20,"y":20},{"x":815.5,"y":864},{"x":50,"y":40}],"target":{"resourceId":"sid-1C0FA76E-0D37-46AF-92A8-A9686EA4C5C1"}},{"resourceId":"sid-024CD19D-BDF1-4FD5-9794-DEB6E1DC71FB","properties":{"overrideid":"sid-024CD19D-BDF1-4FD5-9794-DEB6E1DC71FB","name":"","documentation":"","conditionsequenceflow":"","executionlisteners":{"executionListeners":[]},"defaultflow":"false"},"stencil":{"id":"SequenceFlow"},"childShapes":[],"outgoing":[{"resourceId":"sid-C345F9FB-00B1-4968-A057-4411B4E5FFCB"}],"bounds":{"lowerRight":{"x":815,"y":965.25},"upperLeft":{"x":470,"y":845.0625}},"dockers":[{"x":20,"y":20},{"x":815,"y":905},{"x":470,"y":905},{"x":50,"y":40}],"target":{"resourceId":"sid-C345F9FB-00B1-4968-A057-4411B4E5FFCB"}}],"bounds":{"lowerRight":{"x":1295.0000000000002,"y":1253},"upperLeft":{"x":0,"y":0}},"stencilset":{"url":"stencilsets/bpmn2.0/bpmn2.0.json","namespace":"http://b3mn.org/stencilset/bpmn2.0#"},"ssextensions":[]}