<?xml version='1.0' encoding='UTF-8'?>
<definitions xmlns="http://www.omg.org/spec/BPMN/20100524/MODEL" xmlns:xsi="http://www.w3.org/2001/XMLSchema-instance" xmlns:xsd="http://www.w3.org/2001/XMLSchema" xmlns:activiti="http://activiti.org/bpmn" xmlns:bpmndi="http://www.omg.org/spec/BPMN/20100524/DI" xmlns:omgdc="http://www.omg.org/spec/DD/20100524/DC" xmlns:omgdi="http://www.omg.org/spec/DD/20100524/DI" typeLanguage="http://www.w3.org/2001/XMLSchema" expressionLanguage="http://www.w3.org/1999/XPath" targetNamespace="http://www.activiti.org/processdef" xmlns:modeler="http://activiti.com/modeler" modeler:version="1.0en" modeler:exportDateTime="20250220145554547" modeler:modelId="2007" modeler:modelVersion="6" modeler:modelLastUpdated="1739360030613">
  <message id="annulla_processo" name="Annulla processo"/>
  <message id="sig_notifica_assegnazione_ci" name="Notifica assegnazione ci"/>
  <message id="sig_apertura_jolly_ci" name="Apertura jolly ci"/>
  <message id="sig_apertura_jolly_vt_segr" name="Apertura jolly vt segretariato"/>
  <message id="sig_notifica_assegnazione_vt" name="Notifica assegnazione vt"/>
  <message id="sig_notifica_assegnazione_vs" name="Notifica assegnazione vs"/>
  <message id="sig_notifica_assegnazione_dc" name="Notifica assegnazione dc"/>
  <message id="sig_decr_hta" name="Decretazione HTA"/>
  <message id="sig_download_azienda_dc" name="Download decreto da azienda"/>
  <message id="sig_apertura_jolly_vt" name="Apertura jolly vt"/>
  <process id="AIC5" name="AIC5" isExecutable="true">
    <startEvent id="start_process">
      <extensionElements>
        <modeler:editor-resource-id><![CDATA[sid-AD633255-5038-43D7-B7E8-04E9C4935558]]></modeler:editor-resource-id>
      </extensionElements>
    </startEvent>
    <userTask id="ci_assegnazione" name="Ass. check-in" activiti:candidateGroups="1007" activiti:formKey="2003">
      <extensionElements>
        <modeler:allow-send-email><![CDATA[true]]></modeler:allow-send-email>
        <modeler:form-reference-id><![CDATA[2003]]></modeler:form-reference-id>
        <modeler:form-reference-name><![CDATA[assegnazione]]></modeler:form-reference-name>
        <modeler:group-info-name-1007><![CDATA[amministratore-applicant-aic]]></modeler:group-info-name-1007>
        <modeler:activiti-idm-candidate-group><![CDATA[true]]></modeler:activiti-idm-candidate-group>
        <modeler:initiator-can-complete><![CDATA[false]]></modeler:initiator-can-complete>
        <modeler:editor-resource-id><![CDATA[sid-562A43D7-D6FD-4531-8D75-C539F341DB71]]></modeler:editor-resource-id>
      </extensionElements>
    </userTask>
    <parallelGateway id="gtw_1">
      <extensionElements>
        <modeler:editor-resource-id><![CDATA[sid-4FA15318-4569-4D33-AAD3-66C9FF3F2559]]></modeler:editor-resource-id>
      </extensionElements>
    </parallelGateway>
    <sequenceFlow id="sid-AA71456A-D247-4349-B0F9-439895D4D623" sourceRef="start_process" targetRef="gtw_1">
      <extensionElements>
        <modeler:editor-resource-id><![CDATA[sid-AA71456A-D247-4349-B0F9-439895D4D623]]></modeler:editor-resource-id>
      </extensionElements>
    </sequenceFlow>
    <userTask id="vt_assegnazione" name="Ass. val. tecnica" activiti:candidateGroups="1005">
      <extensionElements>
        <modeler:allow-send-email><![CDATA[true]]></modeler:allow-send-email>
        <modeler:group-info-name-1005><![CDATA[AIFA]]></modeler:group-info-name-1005>
        <modeler:activiti-idm-candidate-group><![CDATA[true]]></modeler:activiti-idm-candidate-group>
        <modeler:initiator-can-complete><![CDATA[false]]></modeler:initiator-can-complete>
        <modeler:editor-resource-id><![CDATA[sid-20F15234-506D-4B1E-B73B-CF29FF4FC0F3]]></modeler:editor-resource-id>
      </extensionElements>
    </userTask>
    <endEvent id="sid-FFB743AB-2202-4A01-A9FE-3F5EDC8165A4">
      <extensionElements>
        <modeler:editor-resource-id><![CDATA[sid-FFB743AB-2202-4A01-A9FE-3F5EDC8165A4]]></modeler:editor-resource-id>
      </extensionElements>
    </endEvent>
    <sequenceFlow id="sid-BA98DB4F-ACF6-4B4C-8788-48A5D8AD5642" sourceRef="gtw_1" targetRef="wait_assegnazione_ci">
      <extensionElements>
        <modeler:editor-resource-id><![CDATA[sid-BA98DB4F-ACF6-4B4C-8788-48A5D8AD5642]]></modeler:editor-resource-id>
      </extensionElements>
    </sequenceFlow>
    <userTask id="notifica_assegnazione_ci" name="Notifica assegnazione ci" activiti:candidateGroups="1008">
      <extensionElements>
        <modeler:allow-send-email><![CDATA[true]]></modeler:allow-send-email>
        <modeler:group-info-name-1008><![CDATA[amministratore-titolare-aic]]></modeler:group-info-name-1008>
        <modeler:activiti-idm-candidate-group><![CDATA[true]]></modeler:activiti-idm-candidate-group>
        <modeler:initiator-can-complete><![CDATA[false]]></modeler:initiator-can-complete>
        <modeler:editor-resource-id><![CDATA[sid-AB1F7B5A-2519-4A5F-849F-206762F5C6E9]]></modeler:editor-resource-id>
      </extensionElements>
      <multiInstanceLoopCharacteristics isSequential="false">
        <loopCardinality>1</loopCardinality>
      </multiInstanceLoopCharacteristics>
    </userTask>
    <sequenceFlow id="sid-577C7CE1-630B-41C6-BDA3-F158FEA47E1B" sourceRef="notifica_assegnazione_ci" targetRef="wait_assegnazione_ci">
      <extensionElements>
        <modeler:editor-resource-id><![CDATA[sid-577C7CE1-630B-41C6-BDA3-F158FEA47E1B]]></modeler:editor-resource-id>
      </extensionElements>
    </sequenceFlow>
    <userTask id="ci_checkin" name="Check-in" activiti:assignee="$INITIATOR">
      <extensionElements>
        <modeler:allow-send-email><![CDATA[true]]></modeler:allow-send-email>
        <modeler:activiti-idm-initiator><![CDATA[true]]></modeler:activiti-idm-initiator>
        <modeler:initiator-can-complete><![CDATA[false]]></modeler:initiator-can-complete>
        <modeler:editor-resource-id><![CDATA[sid-99D7204F-5B0E-4E6E-BBB9-298B4A7849F0]]></modeler:editor-resource-id>
      </extensionElements>
    </userTask>
    <userTask id="vt_ass" name="Assessment" activiti:assignee="$INITIATOR">
      <extensionElements>
        <modeler:allow-send-email><![CDATA[true]]></modeler:allow-send-email>
        <modeler:activiti-idm-initiator><![CDATA[true]]></modeler:activiti-idm-initiator>
        <modeler:initiator-can-complete><![CDATA[false]]></modeler:initiator-can-complete>
        <modeler:editor-resource-id><![CDATA[sid-1C0FA76E-0D37-46AF-92A8-A9686EA4C5C1]]></modeler:editor-resource-id>
      </extensionElements>
    </userTask>
    <sequenceFlow id="sid-5656AE54-5CDA-48AC-97E7-0B4393CDA2CE" sourceRef="gtw_1" targetRef="vt_assegnazione">
      <extensionElements>
        <modeler:editor-resource-id><![CDATA[sid-5656AE54-5CDA-48AC-97E7-0B4393CDA2CE]]></modeler:editor-resource-id>
      </extensionElements>
    </sequenceFlow>
    <sequenceFlow id="sid-1571B446-552B-4448-A4AC-E855CA73A2D6" sourceRef="vt_assegnazione" targetRef="gw_val_tec">
      <extensionElements>
        <modeler:editor-resource-id><![CDATA[sid-1571B446-552B-4448-A4AC-E855CA73A2D6]]></modeler:editor-resource-id>
      </extensionElements>
    </sequenceFlow>
    <sequenceFlow id="sid-D0360B24-529D-4963-BC11-4A0A997F023B" sourceRef="gtw_1" targetRef="ci_assegnazione">
      <extensionElements>
        <modeler:editor-resource-id><![CDATA[sid-D0360B24-529D-4963-BC11-4A0A997F023B]]></modeler:editor-resource-id>
      </extensionElements>
    </sequenceFlow>
    <parallelGateway id="gw_val_tec">
      <extensionElements>
        <modeler:editor-resource-id><![CDATA[sid-64210ED7-E677-461C-B53C-291FFC5BE30E]]></modeler:editor-resource-id>
      </extensionElements>
    </parallelGateway>
    <sequenceFlow id="sid-622FF18A-FA40-45E5-B17B-66EF03EEC2F0" sourceRef="gw_val_tec" targetRef="vt_inizio">
      <extensionElements>
        <modeler:editor-resource-id><![CDATA[sid-622FF18A-FA40-45E5-B17B-66EF03EEC2F0]]></modeler:editor-resource-id>
      </extensionElements>
    </sequenceFlow>
    <sequenceFlow id="sid-3296E27A-9ED5-401F-9F00-4678E33E486C" sourceRef="ci_assegnazione" targetRef="gw_checkin">
      <extensionElements>
        <modeler:editor-resource-id><![CDATA[sid-3296E27A-9ED5-401F-9F00-4678E33E486C]]></modeler:editor-resource-id>
      </extensionElements>
    </sequenceFlow>
    <sequenceFlow id="sid-99348571-0E7F-4DF6-925D-A9BF932CA1E8" sourceRef="gw_checkin" targetRef="notifica_assegnazione_ci">
      <extensionElements>
        <modeler:editor-resource-id><![CDATA[sid-99348571-0E7F-4DF6-925D-A9BF932CA1E8]]></modeler:editor-resource-id>
      </extensionElements>
    </sequenceFlow>
    <userTask id="notifica_assegnazione_vt" name="Notifica assegnazione vt" activiti:assignee="$INITIATOR">
      <extensionElements>
        <modeler:allow-send-email><![CDATA[true]]></modeler:allow-send-email>
        <modeler:activiti-idm-initiator><![CDATA[true]]></modeler:activiti-idm-initiator>
        <modeler:initiator-can-complete><![CDATA[false]]></modeler:initiator-can-complete>
        <modeler:editor-resource-id><![CDATA[sid-F9E93DBB-5073-409D-85D4-47495008FA57]]></modeler:editor-resource-id>
      </extensionElements>
    </userTask>
    <sequenceFlow id="sid-6C537240-C5C2-457A-869C-874FD29DF889" sourceRef="gtw_1" targetRef="sid-1A3B32F3-A86F-4DD9-B4EC-D9EB680862CD">
      <extensionElements>
        <modeler:editor-resource-id><![CDATA[sid-6C537240-C5C2-457A-869C-874FD29DF889]]></modeler:editor-resource-id>
      </extensionElements>
    </sequenceFlow>
    <sequenceFlow id="sid-C12D3B8B-6C67-400B-A87E-DE797DA6CDC1" sourceRef="gw_val_tec" targetRef="notifica_assegnazione_vt">
      <extensionElements>
        <modeler:editor-resource-id><![CDATA[sid-C12D3B8B-6C67-400B-A87E-DE797DA6CDC1]]></modeler:editor-resource-id>
      </extensionElements>
    </sequenceFlow>
    <boundaryEvent id="sid-09A61292-31A9-4545-9A9E-61BCD4EDBBF4" attachedToRef="notifica_assegnazione_ci">
      <extensionElements>
        <modeler:editor-resource-id><![CDATA[sid-09A61292-31A9-4545-9A9E-61BCD4EDBBF4]]></modeler:editor-resource-id>
      </extensionElements>
      <errorEventDefinition/>
    </boundaryEvent>
    <sequenceFlow id="sid-30BF9F96-46C3-4122-B548-A942419A3E28" sourceRef="sid-09A61292-31A9-4545-9A9E-61BCD4EDBBF4" targetRef="sid-FFB743AB-2202-4A01-A9FE-3F5EDC8165A4">
      <extensionElements>
        <modeler:editor-resource-id><![CDATA[sid-30BF9F96-46C3-4122-B548-A942419A3E28]]></modeler:editor-resource-id>
      </extensionElements>
    </sequenceFlow>
    <sequenceFlow id="sid-87C42228-2438-47BE-8BE1-FA26CCB398B3" sourceRef="ci_checkin" targetRef="sid-FFB743AB-2202-4A01-A9FE-3F5EDC8165A4">
      <extensionElements>
        <modeler:editor-resource-id><![CDATA[sid-87C42228-2438-47BE-8BE1-FA26CCB398B3]]></modeler:editor-resource-id>
      </extensionElements>
    </sequenceFlow>
    <userTask id="ci_inizio" name="Inizio checkin" activiti:candidateGroups="1008">
      <extensionElements>
        <modeler:allow-send-email><![CDATA[true]]></modeler:allow-send-email>
        <modeler:group-info-name-1008><![CDATA[amministratore-titolare-aic]]></modeler:group-info-name-1008>
        <modeler:activiti-idm-candidate-group><![CDATA[true]]></modeler:activiti-idm-candidate-group>
        <modeler:initiator-can-complete><![CDATA[false]]></modeler:initiator-can-complete>
        <modeler:editor-resource-id><![CDATA[sid-2212A068-BBBC-49E9-B61F-5480E54F54E8]]></modeler:editor-resource-id>
      </extensionElements>
    </userTask>
    <sequenceFlow id="sid-B8C9D789-A190-4113-B1E2-95EE1799B71B" sourceRef="ci_inizio" targetRef="ci_checkin">
      <extensionElements>
        <modeler:editor-resource-id><![CDATA[sid-B8C9D789-A190-4113-B1E2-95EE1799B71B]]></modeler:editor-resource-id>
      </extensionElements>
    </sequenceFlow>
    <userTask id="vt_inizio" name="Inizio vt" activiti:assignee="$INITIATOR">
      <extensionElements>
        <modeler:allow-send-email><![CDATA[true]]></modeler:allow-send-email>
        <modeler:activiti-idm-initiator><![CDATA[true]]></modeler:activiti-idm-initiator>
        <modeler:initiator-can-complete><![CDATA[false]]></modeler:initiator-can-complete>
        <modeler:editor-resource-id><![CDATA[sid-35C65099-5FC8-4571-B399-00F686D06A55]]></modeler:editor-resource-id>
      </extensionElements>
    </userTask>
    <parallelGateway id="gw_checkin">
      <extensionElements>
        <modeler:editor-resource-id><![CDATA[sid-E05527BD-7C77-45D7-ADCC-08FEC361220F]]></modeler:editor-resource-id>
      </extensionElements>
    </parallelGateway>
    <sequenceFlow id="sid-A7157EB0-213E-48A2-8E31-48AACB672AB9" sourceRef="gw_checkin" targetRef="ci_inizio">
      <extensionElements>
        <modeler:editor-resource-id><![CDATA[sid-A7157EB0-213E-48A2-8E31-48AACB672AB9]]></modeler:editor-resource-id>
      </extensionElements>
    </sequenceFlow>
    <sequenceFlow id="sid-D5DD8B5C-BAC9-4779-902F-BCA74A93A046" sourceRef="sid-3167A650-C07A-4FDA-B9B9-3826E12C09A0" targetRef="sid-FFB743AB-2202-4A01-A9FE-3F5EDC8165A4">
      <extensionElements>
        <modeler:editor-resource-id><![CDATA[sid-D5DD8B5C-BAC9-4779-902F-BCA74A93A046]]></modeler:editor-resource-id>
      </extensionElements>
    </sequenceFlow>
    <sequenceFlow id="sid-97F10EAA-0DDC-44F3-8AC7-2420E0B635DE" sourceRef="vt_inizio" targetRef="vt_ass">
      <extensionElements>
        <modeler:editor-resource-id><![CDATA[sid-97F10EAA-0DDC-44F3-8AC7-2420E0B635DE]]></modeler:editor-resource-id>
      </extensionElements>
    </sequenceFlow>
    <boundaryEvent id="sid-3167A650-C07A-4FDA-B9B9-3826E12C09A0" attachedToRef="notifica_assegnazione_vt">
      <extensionElements>
        <modeler:editor-resource-id><![CDATA[sid-3167A650-C07A-4FDA-B9B9-3826E12C09A0]]></modeler:editor-resource-id>
      </extensionElements>
      <errorEventDefinition/>
    </boundaryEvent>
    <sequenceFlow id="sid-734EAD96-F269-4443-8C68-270E686A3559" sourceRef="aic_fase_nazionale" targetRef="sid-FFB743AB-2202-4A01-A9FE-3F5EDC8165A4">
      <extensionElements>
        <modeler:editor-resource-id><![CDATA[sid-734EAD96-F269-4443-8C68-270E686A3559]]></modeler:editor-resource-id>
      </extensionElements>
    </sequenceFlow>
    <sequenceFlow id="sid-702D7166-352F-4ACF-982A-030087B8C311" sourceRef="vt_ass" targetRef="aic_fase_nazionale">
      <extensionElements>
        <modeler:editor-resource-id><![CDATA[sid-702D7166-352F-4ACF-982A-030087B8C311]]></modeler:editor-resource-id>
      </extensionElements>
    </sequenceFlow>
    <userTask id="aic_fase_nazionale" name="aic_fase_nazionale" activiti:assignee="$INITIATOR">
      <extensionElements>
        <modeler:allow-send-email><![CDATA[true]]></modeler:allow-send-email>
        <modeler:activiti-idm-initiator><![CDATA[true]]></modeler:activiti-idm-initiator>
        <modeler:initiator-can-complete><![CDATA[false]]></modeler:initiator-can-complete>
        <modeler:editor-resource-id><![CDATA[sid-8AE2D4A2-9EBC-4DCB-B4FE-17E8A67DEE1B]]></modeler:editor-resource-id>
      </extensionElements>
    </userTask>
    <endEvent id="annulla_proc" name="annulla_proc_name">
      <extensionElements>
        <modeler:editor-resource-id><![CDATA[sid-8ED479AD-FC0F-401B-939A-CE210CA30D8C]]></modeler:editor-resource-id>
      </extensionElements>
      <terminateEventDefinition/>
    </endEvent>
    <intermediateCatchEvent id="wait_abort_process">
      <extensionElements>
        <modeler:editor-resource-id><![CDATA[sid-C03D8834-F8DB-4C28-B633-31940BEFB180]]></modeler:editor-resource-id>
      </extensionElements>
      <messageEventDefinition messageRef="annulla_processo"/>
    </intermediateCatchEvent>
    <sequenceFlow id="sid-BE333704-6B3E-43E5-97B6-DAE3B4BC4CAF" sourceRef="gtw_1" targetRef="wait_abort_process">
      <extensionElements>
        <modeler:editor-resource-id><![CDATA[sid-BE333704-6B3E-43E5-97B6-DAE3B4BC4CAF]]></modeler:editor-resource-id>
      </extensionElements>
    </sequenceFlow>
    <sequenceFlow id="sid-3E691D88-821C-44D3-AF58-1A5DD01253B4" sourceRef="wait_abort_process" targetRef="annulla_proc">
      <extensionElements>
        <modeler:editor-resource-id><![CDATA[sid-3E691D88-821C-44D3-AF58-1A5DD01253B4]]></modeler:editor-resource-id>
      </extensionElements>
    </sequenceFlow>
    <intermediateCatchEvent id="wait_assegnazione_ci">
      <extensionElements>
        <modeler:editor-resource-id><![CDATA[sid-73753C49-63EF-4BF7-AD60-42C8D0900DCF]]></modeler:editor-resource-id>
      </extensionElements>
      <messageEventDefinition messageRef="sig_notifica_assegnazione_ci"/>
    </intermediateCatchEvent>
    <sequenceFlow id="sid-23EC62B0-D448-450B-A635-0E100AD6539C" sourceRef="wait_assegnazione_ci" targetRef="notifica_assegnazione_ci">
      <extensionElements>
        <modeler:editor-resource-id><![CDATA[sid-23EC62B0-D448-450B-A635-0E100AD6539C]]></modeler:editor-resource-id>
      </extensionElements>
    </sequenceFlow>
    <intermediateCatchEvent id="sid-1A3B32F3-A86F-4DD9-B4EC-D9EB680862CD">
      <extensionElements>
        <modeler:editor-resource-id><![CDATA[sid-808D80A8-7E9C-43FF-99FC-AFB8670F3D6E]]></modeler:editor-resource-id>
      </extensionElements>
      <messageEventDefinition messageRef="sig_notifica_assegnazione_vt"/>
    </intermediateCatchEvent>
    <sequenceFlow id="sid-E39C36F0-B48B-4AA0-A81A-07F993C6C366" sourceRef="sid-1A3B32F3-A86F-4DD9-B4EC-D9EB680862CD" targetRef="notifica_assegnazione_vt">
      <extensionElements>
        <modeler:editor-resource-id><![CDATA[sid-E39C36F0-B48B-4AA0-A81A-07F993C6C366]]></modeler:editor-resource-id>
      </extensionElements>
    </sequenceFlow>
    <sequenceFlow id="sid-8FFE91D0-F037-4512-870A-2D9B6BF7EBBF" sourceRef="notifica_assegnazione_vt" targetRef="sid-1A3B32F3-A86F-4DD9-B4EC-D9EB680862CD">
      <extensionElements>
        <modeler:editor-resource-id><![CDATA[sid-8FFE91D0-F037-4512-870A-2D9B6BF7EBBF]]></modeler:editor-resource-id>
      </extensionElements>
    </sequenceFlow>
  </process>
  <bpmndi:BPMNDiagram id="BPMNDiagram_AIC5">
    <bpmndi:BPMNPlane bpmnElement="AIC5" id="BPMNPlane_AIC5">
      <bpmndi:BPMNShape bpmnElement="start_process" id="BPMNShape_start_process">
        <omgdc:Bounds height="30.0" width="30.0" x="45.0" y="515.0"/>
      </bpmndi:BPMNShape>
      <bpmndi:BPMNShape bpmnElement="ci_assegnazione" id="BPMNShape_ci_assegnazione">
        <omgdc:Bounds height="80.0" width="100.0" x="210.0" y="590.0"/>
      </bpmndi:BPMNShape>
      <bpmndi:BPMNShape bpmnElement="gtw_1" id="BPMNShape_gtw_1">
        <omgdc:Bounds height="40.0" width="40.0" x="240.0" y="510.0"/>
      </bpmndi:BPMNShape>
      <bpmndi:BPMNShape bpmnElement="vt_assegnazione" id="BPMNShape_vt_assegnazione">
        <omgdc:Bounds height="80.0" width="100.0" x="675.0" y="590.0"/>
      </bpmndi:BPMNShape>
      <bpmndi:BPMNShape bpmnElement="sid-FFB743AB-2202-4A01-A9FE-3F5EDC8165A4" id="BPMNShape_sid-FFB743AB-2202-4A01-A9FE-3F5EDC8165A4">
        <omgdc:Bounds height="28.0" width="28.0" x="576.0" y="1125.0"/>
      </bpmndi:BPMNShape>
      <bpmndi:BPMNShape bpmnElement="notifica_assegnazione_ci" id="BPMNShape_notifica_assegnazione_ci">
        <omgdc:Bounds height="80.0" width="99.99999999999994" x="35.597500205317544" y="705.0"/>
      </bpmndi:BPMNShape>
      <bpmndi:BPMNShape bpmnElement="ci_checkin" id="BPMNShape_ci_checkin">
        <omgdc:Bounds height="80.0" width="100.0" x="210.0" y="935.0"/>
      </bpmndi:BPMNShape>
      <bpmndi:BPMNShape bpmnElement="vt_ass" id="BPMNShape_vt_ass">
        <omgdc:Bounds height="80.0" width="100.0" x="945.0" y="825.0"/>
      </bpmndi:BPMNShape>
      <bpmndi:BPMNShape bpmnElement="gw_val_tec" id="BPMNShape_gw_val_tec">
        <omgdc:Bounds height="40.0" width="40.0" x="974.4316615323703" y="610.0"/>
      </bpmndi:BPMNShape>
      <bpmndi:BPMNShape bpmnElement="notifica_assegnazione_vt" id="BPMNShape_notifica_assegnazione_vt">
        <omgdc:Bounds height="80.0" width="100.00000000000023" x="1095.0" y="590.0"/>
      </bpmndi:BPMNShape>
      <bpmndi:BPMNShape bpmnElement="sid-09A61292-31A9-4545-9A9E-61BCD4EDBBF4" id="BPMNShape_sid-09A61292-31A9-4545-9A9E-61BCD4EDBBF4">
        <omgdc:Bounds height="30.0" width="30.0" x="121.4456899182577" y="709.7902560204501"/>
      </bpmndi:BPMNShape>
      <bpmndi:BPMNShape bpmnElement="ci_inizio" id="BPMNShape_ci_inizio">
        <omgdc:Bounds height="80.0" width="100.0" x="210.0" y="800.0"/>
      </bpmndi:BPMNShape>
      <bpmndi:BPMNShape bpmnElement="vt_inizio" id="BPMNShape_vt_inizio">
        <omgdc:Bounds height="80.0" width="100.0" x="944.4316615323703" y="705.0"/>
      </bpmndi:BPMNShape>
      <bpmndi:BPMNShape bpmnElement="gw_checkin" id="BPMNShape_gw_checkin">
        <omgdc:Bounds height="40.0" width="40.0" x="240.0" y="725.0"/>
      </bpmndi:BPMNShape>
      <bpmndi:BPMNShape bpmnElement="sid-3167A650-C07A-4FDA-B9B9-3826E12C09A0" id="BPMNShape_sid-3167A650-C07A-4FDA-B9B9-3826E12C09A0">
        <omgdc:Bounds height="30.0" width="30.0" x="1129.0274559535806" y="655.3619670078725"/>
      </bpmndi:BPMNShape>
      <bpmndi:BPMNShape bpmnElement="aic_fase_nazionale" id="BPMNShape_aic_fase_nazionale">
        <omgdc:Bounds height="80.0" width="100.0" x="540.0" y="935.0"/>
      </bpmndi:BPMNShape>
      <bpmndi:BPMNShape bpmnElement="annulla_proc" id="BPMNShape_annulla_proc">
        <omgdc:Bounds height="28.0" width="28.0" x="435.0" y="435.3849793032625"/>
      </bpmndi:BPMNShape>
      <bpmndi:BPMNShape bpmnElement="wait_abort_process" id="BPMNShape_wait_abort_process">
        <omgdc:Bounds height="30.0" width="30.0" x="245.0" y="434.3849793032625"/>
      </bpmndi:BPMNShape>
      <bpmndi:BPMNShape bpmnElement="wait_assegnazione_ci" id="BPMNShape_wait_assegnazione_ci">
        <omgdc:Bounds height="30.0" width="30.0" x="60.0" y="585.0"/>
      </bpmndi:BPMNShape>
      <bpmndi:BPMNShape bpmnElement="sid-1A3B32F3-A86F-4DD9-B4EC-D9EB680862CD" id="BPMNShape_sid-1A3B32F3-A86F-4DD9-B4EC-D9EB680862CD">
        <omgdc:Bounds height="30.0" width="30.0" x="765.0" y="434.3849793032625"/>
      </bpmndi:BPMNShape>
      <bpmndi:BPMNEdge bpmnElement="sid-87C42228-2438-47BE-8BE1-FA26CCB398B3" id="BPMNEdge_sid-87C42228-2438-47BE-8BE1-FA26CCB398B3">
        <omgdi:waypoint x="310.0" y="999.8484848484849"/>
        <omgdi:waypoint x="577.4628596770126" y="1132.7694211728183"/>
      </bpmndi:BPMNEdge>
      <bpmndi:BPMNEdge bpmnElement="sid-3296E27A-9ED5-401F-9F00-4678E33E486C" id="BPMNEdge_sid-3296E27A-9ED5-401F-9F00-4678E33E486C">
        <omgdi:waypoint x="260.0" y="670.0"/>
        <omgdi:waypoint x="260.0" y="725.0"/>
      </bpmndi:BPMNEdge>
      <bpmndi:BPMNEdge bpmnElement="sid-6C537240-C5C2-457A-869C-874FD29DF889" id="BPMNEdge_sid-6C537240-C5C2-457A-869C-874FD29DF889">
        <omgdi:waypoint x="277.3155842621711" y="527.3155842621711"/>
        <omgdi:waypoint x="765.1770692275138" y="451.68296174751305"/>
      </bpmndi:BPMNEdge>
      <bpmndi:BPMNEdge bpmnElement="sid-30BF9F96-46C3-4122-B548-A942419A3E28" id="BPMNEdge_sid-30BF9F96-46C3-4122-B548-A942419A3E28">
        <omgdi:waypoint x="136.4349491913255" y="739.7902521750091"/>
        <omgdi:waypoint x="136.14909559203963" y="1139.0"/>
        <omgdi:waypoint x="576.0" y="1139.0"/>
      </bpmndi:BPMNEdge>
      <bpmndi:BPMNEdge bpmnElement="sid-C12D3B8B-6C67-400B-A87E-DE797DA6CDC1" id="BPMNEdge_sid-C12D3B8B-6C67-400B-A87E-DE797DA6CDC1">
        <omgdi:waypoint x="1014.4316615323703" y="630.0"/>
        <omgdi:waypoint x="1095.0" y="630.0"/>
      </bpmndi:BPMNEdge>
      <bpmndi:BPMNEdge bpmnElement="sid-5656AE54-5CDA-48AC-97E7-0B4393CDA2CE" id="BPMNEdge_sid-5656AE54-5CDA-48AC-97E7-0B4393CDA2CE">
        <omgdi:waypoint x="279.9785177228786" y="530.0214822771213"/>
        <omgdi:waypoint x="725.0" y="530.5"/>
        <omgdi:waypoint x="725.0" y="590.0"/>
      </bpmndi:BPMNEdge>
      <bpmndi:BPMNEdge bpmnElement="sid-23EC62B0-D448-450B-A635-0E100AD6539C" id="BPMNEdge_sid-23EC62B0-D448-450B-A635-0E100AD6539C">
        <omgdi:waypoint x="76.09337682645791" y="614.960097831076"/>
        <omgdi:waypoint x="82.67405187281614" y="705.0"/>
      </bpmndi:BPMNEdge>
      <bpmndi:BPMNEdge bpmnElement="sid-577C7CE1-630B-41C6-BDA3-F158FEA47E1B" id="BPMNEdge_sid-577C7CE1-630B-41C6-BDA3-F158FEA47E1B">
        <omgdi:waypoint x="35.597500205317544" y="758.2792267275399"/>
        <omgdi:waypoint x="17.42583388376484" y="763.1053402695619"/>
        <omgdi:waypoint x="17.42583388376484" y="620.0"/>
        <omgdi:waypoint x="60.830579231203686" y="604.9221453733919"/>
      </bpmndi:BPMNEdge>
      <bpmndi:BPMNEdge bpmnElement="sid-BA98DB4F-ACF6-4B4C-8788-48A5D8AD5642" id="BPMNEdge_sid-BA98DB4F-ACF6-4B4C-8788-48A5D8AD5642">
        <omgdi:waypoint x="245.49019607843138" y="535.4901960784314"/>
        <omgdi:waypoint x="89.02929386184425" y="594.6916185387616"/>
      </bpmndi:BPMNEdge>
      <bpmndi:BPMNEdge bpmnElement="sid-8FFE91D0-F037-4512-870A-2D9B6BF7EBBF" id="BPMNEdge_sid-8FFE91D0-F037-4512-870A-2D9B6BF7EBBF">
        <omgdi:waypoint x="1145.0" y="590.0"/>
        <omgdi:waypoint x="1145.0000000000002" y="472.0681087151061"/>
        <omgdi:waypoint x="794.9711181013388" y="450.31536782198214"/>
      </bpmndi:BPMNEdge>
      <bpmndi:BPMNEdge bpmnElement="sid-99348571-0E7F-4DF6-925D-A9BF932CA1E8" id="BPMNEdge_sid-99348571-0E7F-4DF6-925D-A9BF932CA1E8">
        <omgdi:waypoint x="240.0" y="745.0"/>
        <omgdi:waypoint x="135.5975002053175" y="745.0"/>
      </bpmndi:BPMNEdge>
      <bpmndi:BPMNEdge bpmnElement="sid-B8C9D789-A190-4113-B1E2-95EE1799B71B" id="BPMNEdge_sid-B8C9D789-A190-4113-B1E2-95EE1799B71B">
        <omgdi:waypoint x="260.0" y="880.0"/>
        <omgdi:waypoint x="260.0" y="935.0"/>
      </bpmndi:BPMNEdge>
      <bpmndi:BPMNEdge bpmnElement="sid-734EAD96-F269-4443-8C68-270E686A3559" id="BPMNEdge_sid-734EAD96-F269-4443-8C68-270E686A3559">
        <omgdi:waypoint x="590.0" y="1015.0"/>
        <omgdi:waypoint x="590.0" y="1125.0"/>
      </bpmndi:BPMNEdge>
      <bpmndi:BPMNEdge bpmnElement="sid-3E691D88-821C-44D3-AF58-1A5DD01253B4" id="BPMNEdge_sid-3E691D88-821C-44D3-AF58-1A5DD01253B4">
        <omgdi:waypoint x="275.0" y="449.3849793032625"/>
        <omgdi:waypoint x="435.0" y="449.3849793032625"/>
      </bpmndi:BPMNEdge>
      <bpmndi:BPMNEdge bpmnElement="sid-1571B446-552B-4448-A4AC-E855CA73A2D6" id="BPMNEdge_sid-1571B446-552B-4448-A4AC-E855CA73A2D6">
        <omgdi:waypoint x="775.0" y="630.0"/>
        <omgdi:waypoint x="974.4316615323703" y="630.0"/>
      </bpmndi:BPMNEdge>
      <bpmndi:BPMNEdge bpmnElement="sid-97F10EAA-0DDC-44F3-8AC7-2420E0B635DE" id="BPMNEdge_sid-97F10EAA-0DDC-44F3-8AC7-2420E0B635DE">
        <omgdi:waypoint x="994.6211076882469" y="785.0"/>
        <omgdi:waypoint x="994.8105538441234" y="825.0"/>
      </bpmndi:BPMNEdge>
      <bpmndi:BPMNEdge bpmnElement="sid-702D7166-352F-4ACF-982A-030087B8C311" id="BPMNEdge_sid-702D7166-352F-4ACF-982A-030087B8C311">
        <omgdi:waypoint x="995.0" y="905.0"/>
        <omgdi:waypoint x="995.0" y="985.0"/>
        <omgdi:waypoint x="640.0" y="976.2345679012345"/>
      </bpmndi:BPMNEdge>
      <bpmndi:BPMNEdge bpmnElement="sid-E39C36F0-B48B-4AA0-A81A-07F993C6C366" id="BPMNEdge_sid-E39C36F0-B48B-4AA0-A81A-07F993C6C366">
        <omgdi:waypoint x="793.4440647075684" y="456.03758211259327"/>
        <omgdi:waypoint x="1095.0" y="605.2582163429126"/>
      </bpmndi:BPMNEdge>
      <bpmndi:BPMNEdge bpmnElement="sid-BE333704-6B3E-43E5-97B6-DAE3B4BC4CAF" id="BPMNEdge_sid-BE333704-6B3E-43E5-97B6-DAE3B4BC4CAF">
        <omgdi:waypoint x="260.375953638496" y="510.375953638496"/>
        <omgdi:waypoint x="260.092459540228" y="464.3846943416698"/>
      </bpmndi:BPMNEdge>
      <bpmndi:BPMNEdge bpmnElement="sid-622FF18A-FA40-45E5-B17B-66EF03EEC2F0" id="BPMNEdge_sid-622FF18A-FA40-45E5-B17B-66EF03EEC2F0">
        <omgdi:waypoint x="994.4316615323703" y="650.0"/>
        <omgdi:waypoint x="994.4316615323703" y="705.0"/>
      </bpmndi:BPMNEdge>
      <bpmndi:BPMNEdge bpmnElement="sid-D0360B24-529D-4963-BC11-4A0A997F023B" id="BPMNEdge_sid-D0360B24-529D-4963-BC11-4A0A997F023B">
        <omgdi:waypoint x="260.0" y="550.0"/>
        <omgdi:waypoint x="260.0" y="590.0"/>
      </bpmndi:BPMNEdge>
      <bpmndi:BPMNEdge bpmnElement="sid-A7157EB0-213E-48A2-8E31-48AACB672AB9" id="BPMNEdge_sid-A7157EB0-213E-48A2-8E31-48AACB672AB9">
        <omgdi:waypoint x="260.0" y="765.0"/>
        <omgdi:waypoint x="260.0" y="800.0"/>
      </bpmndi:BPMNEdge>
      <bpmndi:BPMNEdge bpmnElement="sid-D5DD8B5C-BAC9-4779-902F-BCA74A93A046" id="BPMNEdge_sid-D5DD8B5C-BAC9-4779-902F-BCA74A93A046">
        <omgdi:waypoint x="1145.013865817655" y="685.3294983868293"/>
        <omgdi:waypoint x="1174.91225363463" y="1139.0"/>
        <omgdi:waypoint x="604.0" y="1139.0"/>
      </bpmndi:BPMNEdge>
      <bpmndi:BPMNEdge bpmnElement="sid-AA71456A-D247-4349-B0F9-439895D4D623" id="BPMNEdge_sid-AA71456A-D247-4349-B0F9-439895D4D623">
        <omgdi:waypoint x="75.0" y="530.0"/>
        <omgdi:waypoint x="240.0" y="530.0"/>
      </bpmndi:BPMNEdge>
    </bpmndi:BPMNPlane>
  </bpmndi:BPMNDiagram>
</definitions>