<?xml version='1.0' encoding='UTF-8'?>
<definitions xmlns="http://www.omg.org/spec/BPMN/20100524/MODEL" xmlns:xsi="http://www.w3.org/2001/XMLSchema-instance" xmlns:xsd="http://www.w3.org/2001/XMLSchema" xmlns:activiti="http://activiti.org/bpmn" xmlns:bpmndi="http://www.omg.org/spec/BPMN/20100524/DI" xmlns:omgdc="http://www.omg.org/spec/DD/20100524/DC" xmlns:omgdi="http://www.omg.org/spec/DD/20100524/DI" typeLanguage="http://www.w3.org/2001/XMLSchema" expressionLanguage="http://www.w3.org/1999/XPath" targetNamespace="http://www.activiti.org/processdef" xmlns:modeler="http://activiti.com/modeler" modeler:version="1.0en" modeler:exportDateTime="20250220145554814" modeler:modelId="2006" modeler:modelVersion="5" modeler:modelLastUpdated="1739360030694">
  <process id="MGR" name="MGR" isExecutable="true">
    <documentation>Materiale Educazionale</documentation>
    <startEvent id="startEvent1">
      <extensionElements>
        <modeler:editor-resource-id><![CDATA[startEvent1]]></modeler:editor-resource-id>
      </extensionElements>
    </startEvent>
    <userTask id="mgr_assegnazione" name="Assegnazione" activiti:candidateGroups="1028">
      <extensionElements>
        <modeler:allow-send-email><![CDATA[true]]></modeler:allow-send-email>
        <modeler:group-info-name-1028><![CDATA[coordinatore-mgr]]></modeler:group-info-name-1028>
        <modeler:activiti-idm-candidate-group><![CDATA[true]]></modeler:activiti-idm-candidate-group>
        <modeler:initiator-can-complete><![CDATA[false]]></modeler:initiator-can-complete>
        <modeler:editor-resource-id><![CDATA[sid-DD5DAF6F-74C6-4720-BF52-69EF0F1EF3E4]]></modeler:editor-resource-id>
      </extensionElements>
    </userTask>
    <sequenceFlow id="sid-06B313AC-C499-4C64-A034-AEEFD299CB86" sourceRef="startEvent1" targetRef="mgr_assegnazione">
      <extensionElements>
        <modeler:editor-resource-id><![CDATA[sid-06B313AC-C499-4C64-A034-AEEFD299CB86]]></modeler:editor-resource-id>
      </extensionElements>
    </sequenceFlow>
    <userTask id="mgr_in_carico" name="Presa in carico" activiti:candidateGroups="1034">
      <extensionElements>
        <modeler:allow-send-email><![CDATA[true]]></modeler:allow-send-email>
        <modeler:group-info-name-1034><![CDATA[referente-mgr]]></modeler:group-info-name-1034>
        <modeler:activiti-idm-candidate-group><![CDATA[true]]></modeler:activiti-idm-candidate-group>
        <modeler:initiator-can-complete><![CDATA[false]]></modeler:initiator-can-complete>
        <modeler:editor-resource-id><![CDATA[sid-05B595C8-1F05-459E-B24E-EA2892BDC725]]></modeler:editor-resource-id>
      </extensionElements>
    </userTask>
    <sequenceFlow id="sid-4617F36D-3073-4546-9C32-B76DFBEF8C6E" sourceRef="mgr_assegnazione" targetRef="mgr_in_carico">
      <extensionElements>
        <modeler:editor-resource-id><![CDATA[sid-4617F36D-3073-4546-9C32-B76DFBEF8C6E]]></modeler:editor-resource-id>
      </extensionElements>
    </sequenceFlow>
    <userTask id="mgr_valutazione" name="Valutazione" activiti:candidateGroups="1034">
      <extensionElements>
        <modeler:allow-send-email><![CDATA[true]]></modeler:allow-send-email>
        <modeler:group-info-name-1034><![CDATA[referente-mgr]]></modeler:group-info-name-1034>
        <modeler:activiti-idm-candidate-group><![CDATA[true]]></modeler:activiti-idm-candidate-group>
        <modeler:initiator-can-complete><![CDATA[false]]></modeler:initiator-can-complete>
        <modeler:editor-resource-id><![CDATA[sid-DA25F36D-4D5C-4D8B-B6A1-1E5475067555]]></modeler:editor-resource-id>
      </extensionElements>
    </userTask>
    <sequenceFlow id="sid-2C46715D-8A80-4D42-AE65-C4993932BD72" sourceRef="mgr_in_carico" targetRef="mgr_valutazione">
      <extensionElements>
        <modeler:editor-resource-id><![CDATA[sid-2C46715D-8A80-4D42-AE65-C4993932BD72]]></modeler:editor-resource-id>
      </extensionElements>
    </sequenceFlow>
    <endEvent id="sid-6415403A-3E4A-44E1-A153-41B344FA3F04">
      <extensionElements>
        <modeler:editor-resource-id><![CDATA[sid-6415403A-3E4A-44E1-A153-41B344FA3F04]]></modeler:editor-resource-id>
      </extensionElements>
    </endEvent>
    <sequenceFlow id="sid-6BBE4ADA-1C56-42AE-BE5A-016E04122AC2" sourceRef="mgr_valutazione" targetRef="sid-6415403A-3E4A-44E1-A153-41B344FA3F04">
      <extensionElements>
        <modeler:editor-resource-id><![CDATA[sid-6BBE4ADA-1C56-42AE-BE5A-016E04122AC2]]></modeler:editor-resource-id>
      </extensionElements>
    </sequenceFlow>
  </process>
  <bpmndi:BPMNDiagram id="BPMNDiagram_MGR">
    <bpmndi:BPMNPlane bpmnElement="MGR" id="BPMNPlane_MGR">
      <bpmndi:BPMNShape bpmnElement="startEvent1" id="BPMNShape_startEvent1">
        <omgdc:Bounds height="30.0" width="30.0" x="100.0" y="163.0"/>
      </bpmndi:BPMNShape>
      <bpmndi:BPMNShape bpmnElement="mgr_assegnazione" id="BPMNShape_mgr_assegnazione">
        <omgdc:Bounds height="80.0" width="100.0" x="165.0" y="135.0"/>
      </bpmndi:BPMNShape>
      <bpmndi:BPMNShape bpmnElement="mgr_in_carico" id="BPMNShape_mgr_in_carico">
        <omgdc:Bounds height="80.0" width="100.0" x="360.0" y="135.0"/>
      </bpmndi:BPMNShape>
      <bpmndi:BPMNShape bpmnElement="mgr_valutazione" id="BPMNShape_mgr_valutazione">
        <omgdc:Bounds height="80.0" width="100.0" x="705.0" y="135.0"/>
      </bpmndi:BPMNShape>
      <bpmndi:BPMNShape bpmnElement="sid-6415403A-3E4A-44E1-A153-41B344FA3F04" id="BPMNShape_sid-6415403A-3E4A-44E1-A153-41B344FA3F04">
        <omgdc:Bounds height="28.0" width="28.0" x="1029.5" y="156.0"/>
      </bpmndi:BPMNShape>
      <bpmndi:BPMNEdge bpmnElement="sid-2C46715D-8A80-4D42-AE65-C4993932BD72" id="BPMNEdge_sid-2C46715D-8A80-4D42-AE65-C4993932BD72">
        <omgdi:waypoint x="460.0" y="175.0"/>
        <omgdi:waypoint x="705.0" y="175.0"/>
      </bpmndi:BPMNEdge>
      <bpmndi:BPMNEdge bpmnElement="sid-06B313AC-C499-4C64-A034-AEEFD299CB86" id="BPMNEdge_sid-06B313AC-C499-4C64-A034-AEEFD299CB86">
        <omgdi:waypoint x="129.9932545528355" y="177.5502023634149"/>
        <omgdi:waypoint x="165.0" y="176.5"/>
      </bpmndi:BPMNEdge>
      <bpmndi:BPMNEdge bpmnElement="sid-4617F36D-3073-4546-9C32-B76DFBEF8C6E" id="BPMNEdge_sid-4617F36D-3073-4546-9C32-B76DFBEF8C6E">
        <omgdi:waypoint x="265.0" y="175.0"/>
        <omgdi:waypoint x="360.0" y="175.0"/>
      </bpmndi:BPMNEdge>
      <bpmndi:BPMNEdge bpmnElement="sid-6BBE4ADA-1C56-42AE-BE5A-016E04122AC2" id="BPMNEdge_sid-6BBE4ADA-1C56-42AE-BE5A-016E04122AC2">
        <omgdi:waypoint x="805.0" y="175.0"/>
        <omgdi:waypoint x="917.25" y="175.0"/>
        <omgdi:waypoint x="917.25" y="170.0"/>
        <omgdi:waypoint x="1029.5" y="170.0"/>
      </bpmndi:BPMNEdge>
    </bpmndi:BPMNPlane>
  </bpmndi:BPMNDiagram>
</definitions>