{"resourceId":2006,"properties":{"process_id":"MGR","name":"MGR","documentation":"Materiale Educazionale","process_author":"","process_version":"","process_namespace":"http://www.activiti.org/processdef","executionlisteners":"{\"executionListeners\":[]}","eventlisteners":"{\"eventListeners\":[]}","signaldefinitions":"[]","messagedefinitions":"[]","executionvariables":"","metadata":""},"stencil":{"id":"BPMNDiagram"},"childShapes":[{"resourceId":"startEvent1","properties":{"overrideid":"startEvent1","name":"","documentation":"","executionlisteners":{"executionListeners":[]},"initiator":"","formkeydefinition":"","formreference":"","fieldstovariables":"","formproperties":"","asynchronousdefinition":false,"exclusivedefinition":true},"stencil":{"id":"StartNoneEvent"},"childShapes":[],"outgoing":[{"resourceId":"sid-06B313AC-C499-4C64-A034-AEEFD299CB86"}],"bounds":{"lowerRight":{"x":130,"y":193},"upperLeft":{"x":100,"y":163}},"dockers":[]},{"resourceId":"sid-DD5DAF6F-74C6-4720-BF52-69EF0F1EF3E4","properties":{"overrideid":"mgr_assegnazione","name":"Assegnazione","documentation":"","asynchronousdefinition":false,"exclusivedefinition":true,"executionlisteners":{"executionListeners":[]},"multiinstance_type":"None","multiinstance_cardinality":"","multiinstance_collection":"","multiinstance_variable":"","multiinstance_condition":"","isforcompensation":false,"usertasksendemail":true,"usertaskassignment":{"assignment":{"type":"idm","idm":{"type":"groups","candidateGroups":[{"id":1028,"name":"coordinatore-mgr","externalId":null,"status":"active","groups":null,"$$hashKey":"object:1742"}]},"initiatorCanCompleteTask":false}},"formkeydefinition":"","formreference":"","fieldstovariables":"","duedatedefinition":"","prioritydefinition":"","categorydefinition":"","formproperties":"","tasklisteners":{"taskListeners":[]},"emailtemplate":""},"stencil":{"id":"UserTask"},"childShapes":[],"outgoing":[{"resourceId":"sid-4617F36D-3073-4546-9C32-B76DFBEF8C6E"}],"bounds":{"lowerRight":{"x":265,"y":215},"upperLeft":{"x":165,"y":135}},"dockers":[]},{"resourceId":"sid-06B313AC-C499-4C64-A034-AEEFD299CB86","properties":{"overrideid":"sid-06B313AC-C499-4C64-A034-AEEFD299CB86","name":"","documentation":"","conditionsequenceflow":"","executionlisteners":{"executionListeners":[]},"defaultflow":"false"},"stencil":{"id":"SequenceFlow"},"childShapes":[],"outgoing":[{"resourceId":"sid-DD5DAF6F-74C6-4720-BF52-69EF0F1EF3E4"}],"bounds":{"lowerRight":{"x":164.78169969647763,"y":177.54813849089433},"upperLeft":{"x":130.06205030352237,"y":176.50654900910567}},"dockers":[{"x":15,"y":15},{"x":50,"y":40}],"target":{"resourceId":"sid-DD5DAF6F-74C6-4720-BF52-69EF0F1EF3E4"}},{"resourceId":"sid-05B595C8-1F05-459E-B24E-EA2892BDC725","properties":{"overrideid":"mgr_in_carico","name":"Presa in carico","documentation":"","asynchronousdefinition":false,"exclusivedefinition":true,"executionlisteners":{"executionListeners":[]},"multiinstance_type":"None","multiinstance_cardinality":"","multiinstance_collection":"","multiinstance_variable":"","multiinstance_condition":"","isforcompensation":false,"usertasksendemail":true,"usertaskassignment":{"assignment":{"type":"idm","idm":{"type":"groups","candidateGroups":[{"id":1034,"name":"referente-mgr","externalId":null,"status":"active","groups":null,"$$hashKey":"object:2087"}]},"initiatorCanCompleteTask":false}},"formkeydefinition":"","formreference":"","fieldstovariables":"","duedatedefinition":"","prioritydefinition":"","categorydefinition":"","formproperties":"","tasklisteners":{"taskListeners":[]},"emailtemplate":""},"stencil":{"id":"UserTask"},"childShapes":[],"outgoing":[{"resourceId":"sid-2C46715D-8A80-4D42-AE65-C4993932BD72"}],"bounds":{"lowerRight":{"x":460,"y":215},"upperLeft":{"x":360,"y":135}},"dockers":[]},{"resourceId":"sid-4617F36D-3073-4546-9C32-B76DFBEF8C6E","properties":{"overrideid":"sid-4617F36D-3073-4546-9C32-B76DFBEF8C6E","name":"","documentation":"","conditionsequenceflow":"","executionlisteners":{"executionListeners":[]},"defaultflow":"false"},"stencil":{"id":"SequenceFlow"},"childShapes":[],"outgoing":[{"resourceId":"sid-05B595C8-1F05-459E-B24E-EA2892BDC725"}],"bounds":{"lowerRight":{"x":359.48828125,"y":175},"upperLeft":{"x":265.51171875,"y":175}},"dockers":[{"x":50,"y":40},{"x":50,"y":40}],"target":{"resourceId":"sid-05B595C8-1F05-459E-B24E-EA2892BDC725"}},{"resourceId":"sid-DA25F36D-4D5C-4D8B-B6A1-1E5475067555","properties":{"overrideid":"mgr_valutazione","name":"Valutazione","documentation":"","asynchronousdefinition":false,"exclusivedefinition":true,"executionlisteners":{"executionListeners":[]},"multiinstance_type":"None","multiinstance_cardinality":"","multiinstance_collection":"","multiinstance_variable":"","multiinstance_condition":"","isforcompensation":false,"usertasksendemail":true,"usertaskassignment":{"assignment":{"type":"idm","idm":{"type":"groups","candidateGroups":[{"id":1034,"name":"referente-mgr","externalId":null,"status":"active","groups":null,"$$hashKey":"object:2433"}]},"initiatorCanCompleteTask":false}},"formkeydefinition":"","formreference":"","fieldstovariables":"","duedatedefinition":"","prioritydefinition":"","categorydefinition":"","formproperties":"","tasklisteners":{"taskListeners":[]},"emailtemplate":""},"stencil":{"id":"UserTask"},"childShapes":[],"outgoing":[{"resourceId":"sid-6BBE4ADA-1C56-42AE-BE5A-016E04122AC2"}],"bounds":{"lowerRight":{"x":805,"y":215},"upperLeft":{"x":705,"y":135}},"dockers":[]},{"resourceId":"sid-2C46715D-8A80-4D42-AE65-C4993932BD72","properties":{"overrideid":"sid-2C46715D-8A80-4D42-AE65-C4993932BD72","name":"","documentation":"","conditionsequenceflow":"","executionlisteners":{"executionListeners":[]},"defaultflow":"false"},"stencil":{"id":"SequenceFlow"},"childShapes":[],"outgoing":[{"resourceId":"sid-DA25F36D-4D5C-4D8B-B6A1-1E5475067555"}],"bounds":{"lowerRight":{"x":704.13671875,"y":175},"upperLeft":{"x":460.86328125,"y":175}},"dockers":[{"x":50,"y":40},{"x":50,"y":40}],"target":{"resourceId":"sid-DA25F36D-4D5C-4D8B-B6A1-1E5475067555"}},{"resourceId":"sid-6415403A-3E4A-44E1-A153-41B344FA3F04","properties":{"overrideid":"sid-6415403A-3E4A-44E1-A153-41B344FA3F04","name":"","documentation":"","executionlisteners":{"executionListeners":[]},"asynchronousdefinition":false,"exclusivedefinition":true},"stencil":{"id":"EndNoneEvent"},"childShapes":[],"outgoing":[],"bounds":{"lowerRight":{"x":1057.5,"y":184},"upperLeft":{"x":1029.5,"y":156}},"dockers":[]},{"resourceId":"sid-6BBE4ADA-1C56-42AE-BE5A-016E04122AC2","properties":{"overrideid":"sid-6BBE4ADA-1C56-42AE-BE5A-016E04122AC2","name":"","documentation":"","conditionsequenceflow":"","executionlisteners":{"executionListeners":[]},"defaultflow":"false"},"stencil":{"id":"SequenceFlow"},"childShapes":[],"outgoing":[{"resourceId":"sid-6415403A-3E4A-44E1-A153-41B344FA3F04"}],"bounds":{"lowerRight":{"x":1028.69140625,"y":175},"upperLeft":{"x":805.435546875,"y":170}},"dockers":[{"x":50,"y":40},{"x":917.25,"y":175},{"x":917.25,"y":170},{"x":14,"y":14}],"target":{"resourceId":"sid-6415403A-3E4A-44E1-A153-41B344FA3F04"}}],"bounds":{"lowerRight":{"x":1200,"y":1050},"upperLeft":{"x":0,"y":0}},"stencilset":{"url":"stencilsets/bpmn2.0/bpmn2.0.json","namespace":"http://b3mn.org/stencilset/bpmn2.0#"},"ssextensions":[]}