{"referenceId":2008,"name":"AIC_FASE_NAZIONALE","description":"","editorJson":{"bounds":{"lowerRight":{"x":1485.0,"y":725.0},"upperLeft":{"x":0.0,"y":0.0}},"resourceId":"canvas","stencil":{"id":"BPMNDiagram"},"stencilset":{"namespace":"http://b3mn.org/stencilset/bpmn2.0#","url":"../editor/stencilsets/bpmn2.0/bpmn2.0.json"},"properties":{"process_id":"AIC_FASE_NAZIONALE","name":"AIC_FASE_NAZIONALE","executionlisteners":{"executionListeners":[]},"eventlisteners":{"eventListeners":[]},"signaldefinitions":[{"id":"sig_apertura_jolly_vt_segr","name":"Apertura jolly vt segr","scope":"processInstance"},{"id":"sig_notifica_assegnazione_vs","name":"Notifica assegnazione vs","scope":"processInstance"},{"id":"sig_decr_hta","name":"Decretazione HTA","scope":"processInstance"},{"id":"sig_notifica_assegnazione_dc","name":"Notifica assegnazione dc","scope":"processInstance"},{"id":"sig_download_azienda_dc","name":"Download decreto da azienda","scope":"processInstance"}],"messagedefinitions":[],"executionvariables":[{"variableName":"wkftskFORME_DOS_NAZ","variableType":"string"}],"process_namespace":"http://www.activiti.org/processdef"},"childShapes":[{"bounds":{"lowerRight":{"x":60.0,"y":160.0},"upperLeft":{"x":30.0,"y":130.0}},"resourceId":"startEvent1","childShapes":[],"stencil":{"id":"StartNoneEvent"},"properties":{"overrideid":"startEvent1","executionlisteners":{"executionListeners":[]},"asynchronousdefinition":false,"exclusivedefinition":false},"outgoing":[{"resourceId":"sid-CBEBD7D9-7BC5-4329-9AB8-AAE0A8E807B5"}]},{"bounds":{"lowerRight":{"x":295.00000000000006,"y":185.0},"upperLeft":{"x":195.0,"y":105.0}},"resourceId":"sid-4DEA6ADC-BAC8-4282-A8E0-DDBEEE8BCBF3","childShapes":[],"stencil":{"id":"UserTask"},"properties":{"overrideid":"vt_segr","name":"Segretariato","usertasksendemail":true,"usertaskassignment":{"assignment":{"type":"idm","idm":{"type":"initiator"},"initiatorCanCompleteTask":false}},"executionlisteners":{"executionListeners":[]},"isforcompensation":false,"asynchronousdefinition":false,"exclusivedefinition":false,"tasklisteners":{"taskListeners":[]}},"outgoing":[{"resourceId":"sid-F6998FB9-634A-4EC4-B229-CC46B9A6A6B3"}]},{"bounds":{"lowerRight":{"x":172.0,"y":212.0},"upperLeft":{"x":128.0,"y":212.0}},"resourceId":"sid-CBEBD7D9-7BC5-4329-9AB8-AAE0A8E807B5","childShapes":[],"stencil":{"id":"SequenceFlow"},"dockers":[{"x":15.0,"y":15.0},{"x":50.00000000000003,"y":40.0}],"outgoing":[{"resourceId":"sid-4DEA6ADC-BAC8-4282-A8E0-DDBEEE8BCBF3"}],"target":{"resourceId":"sid-4DEA6ADC-BAC8-4282-A8E0-DDBEEE8BCBF3"},"properties":{"overrideid":"sid-CBEBD7D9-7BC5-4329-9AB8-AAE0A8E807B5","executionlisteners":{"executionListeners":[]}}},{"bounds":{"lowerRight":{"x":172.0,"y":212.0},"upperLeft":{"x":128.0,"y":212.0}},"resourceId":"sid-F6998FB9-634A-4EC4-B229-CC46B9A6A6B3","childShapes":[],"stencil":{"id":"SequenceFlow"},"dockers":[{"x":50.00000000000003,"y":40.0},{"x":20.0,"y":20.0}],"outgoing":[{"resourceId":"sid-74383AE4-CAD3-470A-B88A-4BCA1BE7D615"}],"target":{"resourceId":"sid-74383AE4-CAD3-470A-B88A-4BCA1BE7D615"},"properties":{"overrideid":"sid-F6998FB9-634A-4EC4-B229-CC46B9A6A6B3","executionlisteners":{"executionListeners":[]}}},{"bounds":{"lowerRight":{"x":1183.0,"y":566.1076224820599},"upperLeft":{"x":1155.0,"y":538.1076224820599}},"resourceId":"sid-09F0175D-6DE4-42B2-AB66-27492FA54FDC","childShapes":[],"stencil":{"id":"EndNoneEvent"},"properties":{"overrideid":"sid-09F0175D-6DE4-42B2-AB66-27492FA54FDC","executionlisteners":{"executionListeners":[]},"asynchronousdefinition":false,"exclusivedefinition":false},"outgoing":[]},{"bounds":{"lowerRight":{"x":715.0,"y":85.0},"upperLeft":{"x":615.0,"y":5.0}},"resourceId":"sid-12984903-7E7D-4B36-9519-C74390CA7932","childShapes":[],"stencil":{"id":"UserTask"},"properties":{"overrideid":"vs_assegnazione","name":"Ass. val. stampati","usertasksendemail":true,"usertaskassignment":{"assignment":{"type":"idm","idm":{"type":"initiator"},"initiatorCanCompleteTask":false}},"executionlisteners":{"executionListeners":[]},"isforcompensation":false,"asynchronousdefinition":false,"exclusivedefinition":false,"tasklisteners":{"taskListeners":[]}},"outgoing":[{"resourceId":"sid-48960C85-2EC8-4568-981D-70B1F2CADD91"}]},{"bounds":{"lowerRight":{"x":850.0,"y":65.0},"upperLeft":{"x":810.0,"y":25.0}},"resourceId":"sid-DE9B73AC-DEF8-4C22-A5B5-720BCF43882B","childShapes":[],"stencil":{"id":"ParallelGateway"},"properties":{"overrideid":"sid-DE9B73AC-DEF8-4C22-A5B5-720BCF43882B","executionlisteners":{"executionListeners":[]},"asynchronousdefinition":false,"exclusivedefinition":false},"outgoing":[{"resourceId":"sid-EE142236-9A79-4399-90E2-0C1C906FCFDC"},{"resourceId":"sid-D398F86C-49B1-43E6-9C69-35FA9F147118"}]},{"bounds":{"lowerRight":{"x":172.0,"y":212.0},"upperLeft":{"x":128.0,"y":212.0}},"resourceId":"sid-48960C85-2EC8-4568-981D-70B1F2CADD91","childShapes":[],"stencil":{"id":"SequenceFlow"},"dockers":[{"x":50.0,"y":40.0},{"x":20.0,"y":20.0}],"outgoing":[{"resourceId":"sid-DE9B73AC-DEF8-4C22-A5B5-720BCF43882B"}],"target":{"resourceId":"sid-DE9B73AC-DEF8-4C22-A5B5-720BCF43882B"},"properties":{"overrideid":"sid-48960C85-2EC8-4568-981D-70B1F2CADD91","executionlisteners":{"executionListeners":[]}}},{"bounds":{"lowerRight":{"x":1000.0,"y":85.00000216744158},"upperLeft":{"x":900.0,"y":5.000002167441579}},"resourceId":"sid-77873E93-A81D-42A9-B753-77FE455F19F6","childShapes":[],"stencil":{"id":"UserTask"},"properties":{"overrideid":"notifica_assegnazione_vs","name":"Notifica assegnazione vs","usertasksendemail":true,"usertaskassignment":{"assignment":{"type":"idm","idm":{"type":"initiator"},"initiatorCanCompleteTask":false}},"executionlisteners":{"executionListeners":[]},"isforcompensation":false,"asynchronousdefinition":false,"exclusivedefinition":false,"tasklisteners":{"taskListeners":[]}},"outgoing":[{"resourceId":"sid-EEB9CCEF-5BB0-4F8F-BBD1-F831345B19E7"},{"resourceId":"sid-57A1C824-0504-45EE-90A6-3FDD761E20D8"}]},{"bounds":{"lowerRight":{"x":172.0,"y":212.0},"upperLeft":{"x":128.0,"y":212.0}},"resourceId":"sid-EE142236-9A79-4399-90E2-0C1C906FCFDC","childShapes":[],"stencil":{"id":"SequenceFlow"},"dockers":[{"x":20.0,"y":20.0},{"x":50.0,"y":40.0}],"outgoing":[{"resourceId":"sid-77873E93-A81D-42A9-B753-77FE455F19F6"}],"target":{"resourceId":"sid-77873E93-A81D-42A9-B753-77FE455F19F6"},"properties":{"overrideid":"sid-EE142236-9A79-4399-90E2-0C1C906FCFDC","executionlisteners":{"executionListeners":[]}}},{"bounds":{"lowerRight":{"x":880.0,"y":185.0},"upperLeft":{"x":780.0,"y":105.0}},"resourceId":"sid-A9BC616A-5666-4568-8420-0C73C4B92EC9","childShapes":[],"stencil":{"id":"UserTask"},"properties":{"overrideid":"vs_inizio","name":"Inizio vs","usertasksendemail":true,"usertaskassignment":{"assignment":{"type":"idm","idm":{"type":"initiator"},"initiatorCanCompleteTask":false}},"executionlisteners":{"executionListeners":[]},"isforcompensation":false,"asynchronousdefinition":false,"exclusivedefinition":false,"tasklisteners":{"taskListeners":[]}},"outgoing":[{"resourceId":"sid-C3DE764B-C930-4426-9E5E-2F3B8703FAA7"}]},{"bounds":{"lowerRight":{"x":172.0,"y":212.0},"upperLeft":{"x":128.0,"y":212.0}},"resourceId":"sid-D398F86C-49B1-43E6-9C69-35FA9F147118","childShapes":[],"stencil":{"id":"SequenceFlow"},"dockers":[{"x":20.0,"y":20.0},{"x":50.0,"y":40.0}],"outgoing":[{"resourceId":"sid-A9BC616A-5666-4568-8420-0C73C4B92EC9"}],"target":{"resourceId":"sid-A9BC616A-5666-4568-8420-0C73C4B92EC9"},"properties":{"overrideid":"sid-D398F86C-49B1-43E6-9C69-35FA9F147118","executionlisteners":{"executionListeners":[]}}},{"bounds":{"lowerRight":{"x":172.0,"y":212.0},"upperLeft":{"x":128.0,"y":212.0}},"resourceId":"sid-16F9FEB5-09C2-4106-A23B-64A4CA934192","childShapes":[],"stencil":{"id":"SequenceFlow"},"dockers":[{"x":15.0,"y":15.0},{"x":1169.0,"y":25.54037291484829},{"x":14.0,"y":14.0}],"outgoing":[{"resourceId":"sid-09F0175D-6DE4-42B2-AB66-27492FA54FDC"}],"target":{"resourceId":"sid-09F0175D-6DE4-42B2-AB66-27492FA54FDC"},"properties":{"overrideid":"sid-16F9FEB5-09C2-4106-A23B-64A4CA934192","executionlisteners":{"executionListeners":[]}}},{"bounds":{"lowerRight":{"x":730.0,"y":165.0},"upperLeft":{"x":690.0,"y":125.0}},"resourceId":"sid-CCD5F96A-543C-4181-B68F-FA8E630C6986","childShapes":[],"stencil":{"id":"ParallelGateway"},"properties":{"overrideid":"sid-CCD5F96A-543C-4181-B68F-FA8E630C6986","executionlisteners":{"executionListeners":[]},"asynchronousdefinition":false,"exclusivedefinition":false},"outgoing":[{"resourceId":"sid-2981A5B4-FD78-45E5-B61A-C7EDF44D84E5"}]},{"bounds":{"lowerRight":{"x":172.0,"y":212.0},"upperLeft":{"x":128.0,"y":212.0}},"resourceId":"sid-C3DE764B-C930-4426-9E5E-2F3B8703FAA7","childShapes":[],"stencil":{"id":"SequenceFlow"},"dockers":[{"x":50.0,"y":40.0},{"x":20.0,"y":20.0}],"outgoing":[{"resourceId":"sid-CCD5F96A-543C-4181-B68F-FA8E630C6986"}],"target":{"resourceId":"sid-CCD5F96A-543C-4181-B68F-FA8E630C6986"},"properties":{"overrideid":"sid-C3DE764B-C930-4426-9E5E-2F3B8703FAA7","executionlisteners":{"executionListeners":[]}}},{"bounds":{"lowerRight":{"x":655.0,"y":185.0},"upperLeft":{"x":555.0,"y":105.0}},"resourceId":"sid-BDE0B435-C665-473F-ACBE-33917BB4EBC6","childShapes":[],"stencil":{"id":"UserTask"},"properties":{"overrideid":"vs_valutazione","name":"Val. stampati","usertasksendemail":true,"usertaskassignment":{"assignment":{"type":"idm","idm":{"type":"initiator"},"initiatorCanCompleteTask":false}},"executionlisteners":{"executionListeners":[]},"isforcompensation":false,"asynchronousdefinition":false,"exclusivedefinition":false,"tasklisteners":{"taskListeners":[]}},"outgoing":[{"resourceId":"sid-B90F8E5A-7CCE-4344-B185-3AC35C50D3F7"},{"resourceId":"sid-2621C919-6248-44D0-BEAB-0A6DA75F7CFD"}]},{"bounds":{"lowerRight":{"x":172.0,"y":212.0},"upperLeft":{"x":128.0,"y":212.0}},"resourceId":"sid-2981A5B4-FD78-45E5-B61A-C7EDF44D84E5","childShapes":[],"stencil":{"id":"SequenceFlow"},"dockers":[{"x":20.0,"y":20.0},{"x":50.0,"y":40.0}],"outgoing":[{"resourceId":"sid-BDE0B435-C665-473F-ACBE-33917BB4EBC6"}],"target":{"resourceId":"sid-BDE0B435-C665-473F-ACBE-33917BB4EBC6"},"properties":{"overrideid":"sid-2981A5B4-FD78-45E5-B61A-C7EDF44D84E5","executionlisteners":{"executionListeners":[]}}},{"bounds":{"lowerRight":{"x":172.0,"y":212.0},"upperLeft":{"x":128.0,"y":212.0}},"resourceId":"sid-B90F8E5A-7CCE-4344-B185-3AC35C50D3F7","childShapes":[],"stencil":{"id":"SequenceFlow"},"dockers":[{"x":50.0,"y":40.0},{"x":14.0,"y":14.0}],"outgoing":[{"resourceId":"sid-09F0175D-6DE4-42B2-AB66-27492FA54FDC"}],"target":{"resourceId":"sid-09F0175D-6DE4-42B2-AB66-27492FA54FDC"},"properties":{"overrideid":"sid-B90F8E5A-7CCE-4344-B185-3AC35C50D3F7","executionlisteners":{"executionListeners":[]}}},{"bounds":{"lowerRight":{"x":1006.3678681597737,"y":19.583416032253478},"upperLeft":{"x":976.3678681597737,"y":-10.416583967746522}},"resourceId":"sid-57A1C824-0504-45EE-90A6-3FDD761E20D8","childShapes":[],"stencil":{"id":"BoundaryErrorEvent"},"dockers":[{"x":76.3678681597737,"y":-15.416586135188101}],"properties":{"overrideid":"sid-57A1C824-0504-45EE-90A6-3FDD761E20D8","cancelactivity":true,"executionlisteners":{"executionListeners":[]},"asynchronousdefinition":false,"exclusivedefinition":false},"outgoing":[{"resourceId":"sid-16F9FEB5-09C2-4106-A23B-64A4CA934192"}]},{"bounds":{"lowerRight":{"x":1065.0,"y":160.0},"upperLeft":{"x":1035.0,"y":130.0}},"resourceId":"sid-16564F58-B64B-4FAE-9F29-E09070C76FB7","childShapes":[],"stencil":{"id":"CatchSignalEvent"},"properties":{"overrideid":"sid-16564F58-B64B-4FAE-9F29-E09070C76FB7","signalref":"sig_notifica_assegnazione_vs","executionlisteners":{"executionListeners":[]},"asynchronousdefinition":false,"exclusivedefinition":false},"outgoing":[{"resourceId":"sid-278CE474-25F4-486D-BE45-E2C13F4DA1BC"}]},{"bounds":{"lowerRight":{"x":172.0,"y":212.0},"upperLeft":{"x":128.0,"y":212.0}},"resourceId":"sid-EEB9CCEF-5BB0-4F8F-BBD1-F831345B19E7","childShapes":[],"stencil":{"id":"SequenceFlow"},"dockers":[{"x":50.0,"y":40.0},{"x":15.0,"y":15.0}],"outgoing":[{"resourceId":"sid-16564F58-B64B-4FAE-9F29-E09070C76FB7"}],"target":{"resourceId":"sid-16564F58-B64B-4FAE-9F29-E09070C76FB7"},"properties":{"overrideid":"sid-EEB9CCEF-5BB0-4F8F-BBD1-F831345B19E7","executionlisteners":{"executionListeners":[]}}},{"bounds":{"lowerRight":{"x":172.0,"y":212.0},"upperLeft":{"x":128.0,"y":212.0}},"resourceId":"sid-278CE474-25F4-486D-BE45-E2C13F4DA1BC","childShapes":[],"stencil":{"id":"SequenceFlow"},"dockers":[{"x":15.0,"y":15.0},{"x":1050.0,"y":45.00000216744158},{"x":50.0,"y":40.0}],"outgoing":[{"resourceId":"sid-77873E93-A81D-42A9-B753-77FE455F19F6"}],"target":{"resourceId":"sid-77873E93-A81D-42A9-B753-77FE455F19F6"},"properties":{"overrideid":"sid-278CE474-25F4-486D-BE45-E2C13F4DA1BC","executionlisteners":{"executionListeners":[]}}},{"bounds":{"lowerRight":{"x":505.0,"y":165.0},"upperLeft":{"x":465.0,"y":125.0}},"resourceId":"sid-08F55D72-8052-4D52-A788-BED50B7F0555","childShapes":[],"stencil":{"id":"ExclusiveGateway"},"properties":{"overrideid":"sid-08F55D72-8052-4D52-A788-BED50B7F0555","executionlisteners":{"executionListeners":[]},"asynchronousdefinition":false,"exclusivedefinition":false},"outgoing":[{"resourceId":"sid-11E14E22-E1B0-4B9A-947E-978EC4A21A0C"},{"resourceId":"sid-FDC75086-FA2A-4F5F-A63F-790A47F22448"}]},{"bounds":{"lowerRight":{"x":172.0,"y":212.0},"upperLeft":{"x":128.0,"y":212.0}},"resourceId":"sid-2621C919-6248-44D0-BEAB-0A6DA75F7CFD","childShapes":[],"stencil":{"id":"SequenceFlow"},"dockers":[{"x":50.0,"y":40.0},{"x":20.0,"y":20.0}],"outgoing":[{"resourceId":"sid-08F55D72-8052-4D52-A788-BED50B7F0555"}],"target":{"resourceId":"sid-08F55D72-8052-4D52-A788-BED50B7F0555"},"properties":{"overrideid":"sid-2621C919-6248-44D0-BEAB-0A6DA75F7CFD","executionlisteners":{"executionListeners":[]}}},{"bounds":{"lowerRight":{"x":505.0,"y":279.0},"upperLeft":{"x":465.0,"y":239.0}},"resourceId":"sid-3535A875-4A16-4D13-B0D1-83A7DFEBF975","childShapes":[],"stencil":{"id":"ExclusiveGateway"},"properties":{"overrideid":"sid-3535A875-4A16-4D13-B0D1-83A7DFEBF975","executionlisteners":{"executionListeners":[]},"asynchronousdefinition":false,"exclusivedefinition":false},"outgoing":[{"resourceId":"sid-32C6B870-1872-403B-B988-342BF64C311E"},{"resourceId":"sid-B7C7FFDB-CFDE-4076-A2DF-7ED2C1262849"}]},{"bounds":{"lowerRight":{"x":620.0,"y":274.0},"upperLeft":{"x":590.0,"y":244.0}},"resourceId":"sid-6EF17AA4-FAFF-46D7-830C-F965B10DF6CB","childShapes":[],"stencil":{"id":"CatchSignalEvent"},"properties":{"overrideid":"vs_discr_hta","signalref":"sig_decr_hta","executionlisteners":{"executionListeners":[]},"asynchronousdefinition":false,"exclusivedefinition":false},"outgoing":[{"resourceId":"sid-82235FB4-DA1A-46F8-A4B9-067C9C28ABE1"}]},{"bounds":{"lowerRight":{"x":172.0,"y":212.0},"upperLeft":{"x":128.0,"y":212.0}},"resourceId":"sid-82235FB4-DA1A-46F8-A4B9-067C9C28ABE1","childShapes":[],"stencil":{"id":"SequenceFlow"},"dockers":[{"x":15.0,"y":15.0},{"x":14.0,"y":14.0}],"outgoing":[{"resourceId":"sid-09F0175D-6DE4-42B2-AB66-27492FA54FDC"}],"target":{"resourceId":"sid-09F0175D-6DE4-42B2-AB66-27492FA54FDC"},"properties":{"overrideid":"sid-82235FB4-DA1A-46F8-A4B9-067C9C28ABE1","executionlisteners":{"executionListeners":[]}}},{"bounds":{"lowerRight":{"x":535.0,"y":410.0},"upperLeft":{"x":435.0,"y":330.0}},"resourceId":"sid-A86E233B-5BD6-401D-A2DE-E7079DA36735","childShapes":[],"stencil":{"id":"UserTask"},"properties":{"overrideid":"dc_assegnazione","name":"Ass. decretazione","usertasksendemail":true,"usertaskassignment":{"assignment":{"type":"idm","idm":{"type":"initiator"},"initiatorCanCompleteTask":false}},"executionlisteners":{"executionListeners":[]},"isforcompensation":false,"asynchronousdefinition":false,"exclusivedefinition":false,"tasklisteners":{"taskListeners":[]}},"outgoing":[{"resourceId":"sid-242A1B07-154F-40A8-8542-CD6970B32B14"}]},{"bounds":{"lowerRight":{"x":172.0,"y":212.0},"upperLeft":{"x":128.0,"y":212.0}},"resourceId":"sid-11E14E22-E1B0-4B9A-947E-978EC4A21A0C","childShapes":[],"stencil":{"id":"SequenceFlow"},"dockers":[{"x":20.0,"y":20.0},{"x":20.0,"y":20.0}],"outgoing":[{"resourceId":"sid-3535A875-4A16-4D13-B0D1-83A7DFEBF975"}],"target":{"resourceId":"sid-3535A875-4A16-4D13-B0D1-83A7DFEBF975"},"properties":{"overrideid":"sid-11E14E22-E1B0-4B9A-947E-978EC4A21A0C","executionlisteners":{"executionListeners":[]},"defaultflow":true}},{"bounds":{"lowerRight":{"x":172.0,"y":212.0},"upperLeft":{"x":128.0,"y":212.0}},"resourceId":"sid-32C6B870-1872-403B-B988-342BF64C311E","childShapes":[],"stencil":{"id":"SequenceFlow"},"dockers":[{"x":20.0,"y":20.0},{"x":15.0,"y":15.0}],"outgoing":[{"resourceId":"sid-6EF17AA4-FAFF-46D7-830C-F965B10DF6CB"}],"target":{"resourceId":"sid-6EF17AA4-FAFF-46D7-830C-F965B10DF6CB"},"properties":{"overrideid":"sid-32C6B870-1872-403B-B988-342BF64C311E","executionlisteners":{"executionListeners":[]},"defaultflow":true}},{"bounds":{"lowerRight":{"x":172.0,"y":212.0},"upperLeft":{"x":128.0,"y":212.0}},"resourceId":"sid-FDC75086-FA2A-4F5F-A63F-790A47F22448","childShapes":[],"stencil":{"id":"SequenceFlow"},"dockers":[{"x":20.0,"y":20.0},{"x":50.00000000000003,"y":40.0}],"outgoing":[{"resourceId":"sid-4DEA6ADC-BAC8-4282-A8E0-DDBEEE8BCBF3"}],"target":{"resourceId":"sid-4DEA6ADC-BAC8-4282-A8E0-DDBEEE8BCBF3"},"properties":{"overrideid":"sid-FDC75086-FA2A-4F5F-A63F-790A47F22448","executionlisteners":{"executionListeners":[]},"conditionsequenceflow":{"expression":{"type":"static","staticValue":"${vs_to_segr}"}}}},{"bounds":{"lowerRight":{"x":172.0,"y":212.0},"upperLeft":{"x":128.0,"y":212.0}},"resourceId":"sid-B7C7FFDB-CFDE-4076-A2DF-7ED2C1262849","childShapes":[],"stencil":{"id":"SequenceFlow"},"dockers":[{"x":20.0,"y":20.0},{"x":50.0,"y":40.0}],"outgoing":[{"resourceId":"sid-A86E233B-5BD6-401D-A2DE-E7079DA36735"}],"target":{"resourceId":"sid-A86E233B-5BD6-401D-A2DE-E7079DA36735"},"properties":{"overrideid":"sid-B7C7FFDB-CFDE-4076-A2DF-7ED2C1262849","executionlisteners":{"executionListeners":[]},"conditionsequenceflow":{"expression":{"type":"static","staticValue":"{vs_fav_cnn_c_cbis}"}}}},{"bounds":{"lowerRight":{"x":505.0,"y":508.0},"upperLeft":{"x":465.0,"y":468.0}},"resourceId":"sid-7017DE9C-C529-4B1D-984F-B81CB831C794","childShapes":[],"stencil":{"id":"ParallelGateway"},"properties":{"overrideid":"sid-7017DE9C-C529-4B1D-984F-B81CB831C794","executionlisteners":{"executionListeners":[]},"asynchronousdefinition":false,"exclusivedefinition":false},"outgoing":[{"resourceId":"sid-5A160887-89F6-4058-9B1C-A1A2B60FD804"},{"resourceId":"sid-6C7D3EF0-0201-4A30-B24C-561C2CFB6A0F"}]},{"bounds":{"lowerRight":{"x":172.0,"y":212.0},"upperLeft":{"x":128.0,"y":212.0}},"resourceId":"sid-242A1B07-154F-40A8-8542-CD6970B32B14","childShapes":[],"stencil":{"id":"SequenceFlow"},"dockers":[{"x":50.0,"y":40.0},{"x":20.0,"y":20.0}],"outgoing":[{"resourceId":"sid-7017DE9C-C529-4B1D-984F-B81CB831C794"}],"target":{"resourceId":"sid-7017DE9C-C529-4B1D-984F-B81CB831C794"},"properties":{"overrideid":"sid-242A1B07-154F-40A8-8542-CD6970B32B14","executionlisteners":{"executionListeners":[]}}},{"bounds":{"lowerRight":{"x":535.0,"y":620.0},"upperLeft":{"x":435.0,"y":540.0}},"resourceId":"sid-148CDF62-9A2E-4B8E-A34C-93D20522C9E8","childShapes":[],"stencil":{"id":"UserTask"},"properties":{"overrideid":"notifica_assegnazione_dc","name":"Notifica assegnazione dc","usertasksendemail":true,"usertaskassignment":{"assignment":{"type":"idm","idm":{"type":"initiator"},"initiatorCanCompleteTask":false}},"executionlisteners":{"executionListeners":[]},"isforcompensation":false,"asynchronousdefinition":false,"exclusivedefinition":false,"tasklisteners":{"taskListeners":[]}},"outgoing":[{"resourceId":"sid-88FA1EEA-0A65-4B13-B18A-5EAEF1F763A9"},{"resourceId":"sid-EB85A700-8B8B-4DD5-9C93-B868F3B2D44A"}]},{"bounds":{"lowerRight":{"x":172.0,"y":212.0},"upperLeft":{"x":128.0,"y":212.0}},"resourceId":"sid-5A160887-89F6-4058-9B1C-A1A2B60FD804","childShapes":[],"stencil":{"id":"SequenceFlow"},"dockers":[{"x":20.0,"y":20.0},{"x":50.0,"y":40.0}],"outgoing":[{"resourceId":"sid-148CDF62-9A2E-4B8E-A34C-93D20522C9E8"}],"target":{"resourceId":"sid-148CDF62-9A2E-4B8E-A34C-93D20522C9E8"},"properties":{"overrideid":"sid-5A160887-89F6-4058-9B1C-A1A2B60FD804","executionlisteners":{"executionListeners":[]}}},{"bounds":{"lowerRight":{"x":535.4719212229393,"y":552.1076224820599},"upperLeft":{"x":505.4719212229393,"y":522.1076224820599}},"resourceId":"sid-EB85A700-8B8B-4DD5-9C93-B868F3B2D44A","childShapes":[],"stencil":{"id":"BoundaryErrorEvent"},"dockers":[{"x":70.47192122293927,"y":-17.892377517940076}],"properties":{"overrideid":"sid-EB85A700-8B8B-4DD5-9C93-B868F3B2D44A","cancelactivity":true,"executionlisteners":{"executionListeners":[]},"asynchronousdefinition":false,"exclusivedefinition":false},"outgoing":[{"resourceId":"sid-F0A708D8-1B7D-4B78-9C0F-57BE56335508"}]},{"bounds":{"lowerRight":{"x":172.0,"y":212.0},"upperLeft":{"x":128.0,"y":212.0}},"resourceId":"sid-F0A708D8-1B7D-4B78-9C0F-57BE56335508","childShapes":[],"stencil":{"id":"SequenceFlow"},"dockers":[{"x":15.0,"y":15.0},{"x":14.0,"y":14.0}],"outgoing":[{"resourceId":"sid-09F0175D-6DE4-42B2-AB66-27492FA54FDC"}],"target":{"resourceId":"sid-09F0175D-6DE4-42B2-AB66-27492FA54FDC"},"properties":{"overrideid":"sid-F0A708D8-1B7D-4B78-9C0F-57BE56335508","executionlisteners":{"executionListeners":[]}}},{"bounds":{"lowerRight":{"x":385.0,"y":530.0},"upperLeft":{"x":285.0,"y":450.0}},"resourceId":"sid-409F93EC-EC1F-4F81-A857-FADA7FF2FFF4","childShapes":[],"stencil":{"id":"UserTask"},"properties":{"overrideid":"dc_inizio","name":"Inizio dc","usertasksendemail":true,"usertaskassignment":{"assignment":{"type":"idm","idm":{"type":"initiator"},"initiatorCanCompleteTask":false}},"executionlisteners":{"executionListeners":[]},"isforcompensation":false,"asynchronousdefinition":false,"exclusivedefinition":false,"tasklisteners":{"taskListeners":[]}},"outgoing":[{"resourceId":"sid-974BA9CC-15FA-4934-915F-95D8058FE7E2"}]},{"bounds":{"lowerRight":{"x":172.0,"y":212.0},"upperLeft":{"x":128.0,"y":212.0}},"resourceId":"sid-6C7D3EF0-0201-4A30-B24C-561C2CFB6A0F","childShapes":[],"stencil":{"id":"SequenceFlow"},"dockers":[{"x":20.0,"y":20.0},{"x":50.0,"y":40.0}],"outgoing":[{"resourceId":"sid-409F93EC-EC1F-4F81-A857-FADA7FF2FFF4"}],"target":{"resourceId":"sid-409F93EC-EC1F-4F81-A857-FADA7FF2FFF4"},"properties":{"overrideid":"sid-6C7D3EF0-0201-4A30-B24C-561C2CFB6A0F","executionlisteners":{"executionListeners":[]}}},{"bounds":{"lowerRight":{"x":388.0,"y":410.0},"upperLeft":{"x":288.0,"y":330.0}},"resourceId":"sid-B15D9B8F-63EA-4FD5-9647-7B48D170D1B9","childShapes":[],"stencil":{"id":"UserTask"},"properties":{"overrideid":"dc_decretazione","name":"decretazione","usertasksendemail":true,"usertaskassignment":{"assignment":{"type":"idm","idm":{"type":"initiator"},"initiatorCanCompleteTask":false}},"executionlisteners":{"executionListeners":[]},"isforcompensation":false,"asynchronousdefinition":false,"exclusivedefinition":false,"tasklisteners":{"taskListeners":[]}},"outgoing":[{"resourceId":"sid-F80D6000-FD51-43F8-99C5-7B266009F01B"}]},{"bounds":{"lowerRight":{"x":172.0,"y":212.0},"upperLeft":{"x":128.0,"y":212.0}},"resourceId":"sid-974BA9CC-15FA-4934-915F-95D8058FE7E2","childShapes":[],"stencil":{"id":"SequenceFlow"},"dockers":[{"x":50.0,"y":40.0},{"x":50.0,"y":40.0}],"outgoing":[{"resourceId":"sid-B15D9B8F-63EA-4FD5-9647-7B48D170D1B9"}],"target":{"resourceId":"sid-B15D9B8F-63EA-4FD5-9647-7B48D170D1B9"},"properties":{"overrideid":"sid-974BA9CC-15FA-4934-915F-95D8058FE7E2","executionlisteners":{"executionListeners":[]}}},{"bounds":{"lowerRight":{"x":358.0,"y":220.0},"upperLeft":{"x":318.0,"y":180.0}},"resourceId":"sid-30D7C09C-9A60-4095-B9D0-6B991E8F978A","childShapes":[],"stencil":{"id":"ExclusiveGateway"},"properties":{"overrideid":"sid-30D7C09C-9A60-4095-B9D0-6B991E8F978A","executionlisteners":{"executionListeners":[]},"asynchronousdefinition":false,"exclusivedefinition":false},"outgoing":[{"resourceId":"sid-3AE44479-B47C-4B06-8BB2-750A5CEAB992"},{"resourceId":"sid-3B0704F6-C0D9-4978-9472-CA468B723D72"},{"resourceId":"sid-78222B0E-42C4-4660-8EC8-9D1E234CF0C5"},{"resourceId":"sid-291C055E-DCD2-4BF4-8666-C6084C600A46"}]},{"bounds":{"lowerRight":{"x":172.0,"y":212.0},"upperLeft":{"x":128.0,"y":212.0}},"resourceId":"sid-F80D6000-FD51-43F8-99C5-7B266009F01B","childShapes":[],"stencil":{"id":"SequenceFlow"},"dockers":[{"x":50.0,"y":40.0},{"x":20.0,"y":20.0}],"outgoing":[{"resourceId":"sid-30D7C09C-9A60-4095-B9D0-6B991E8F978A"}],"target":{"resourceId":"sid-30D7C09C-9A60-4095-B9D0-6B991E8F978A"},"properties":{"overrideid":"sid-F80D6000-FD51-43F8-99C5-7B266009F01B","executionlisteners":{"executionListeners":[]}}},{"bounds":{"lowerRight":{"x":565.0,"y":65.0},"upperLeft":{"x":525.0,"y":25.0}},"resourceId":"sid-74383AE4-CAD3-470A-B88A-4BCA1BE7D615","childShapes":[],"stencil":{"id":"ExclusiveGateway"},"properties":{"overrideid":"sid-74383AE4-CAD3-470A-B88A-4BCA1BE7D615","executionlisteners":{"executionListeners":[]},"asynchronousdefinition":false,"exclusivedefinition":false},"outgoing":[{"resourceId":"sid-15F27961-2533-4BDF-BF6C-31994077F3DC"},{"resourceId":"sid-53478902-EA84-488E-BB81-CEC22BBBC16A"}]},{"bounds":{"lowerRight":{"x":172.0,"y":212.0},"upperLeft":{"x":128.0,"y":212.0}},"resourceId":"sid-15F27961-2533-4BDF-BF6C-31994077F3DC","childShapes":[],"stencil":{"id":"SequenceFlow"},"dockers":[{"x":20.0,"y":20.0},{"x":50.0,"y":40.0}],"outgoing":[{"resourceId":"sid-12984903-7E7D-4B36-9519-C74390CA7932"}],"target":{"resourceId":"sid-12984903-7E7D-4B36-9519-C74390CA7932"},"properties":{"overrideid":"sid-15F27961-2533-4BDF-BF6C-31994077F3DC","executionlisteners":{"executionListeners":[]},"defaultflow":true}},{"bounds":{"lowerRight":{"x":600.0,"y":675.0},"upperLeft":{"x":570.0,"y":645.0}},"resourceId":"sid-AE8B6925-3E74-46BC-B74B-AD0CCE0C5B8A","childShapes":[],"stencil":{"id":"CatchSignalEvent"},"properties":{"overrideid":"sid-AE8B6925-3E74-46BC-B74B-AD0CCE0C5B8A","signalref":"sig_notifica_assegnazione_dc","executionlisteners":{"executionListeners":[]},"asynchronousdefinition":false,"exclusivedefinition":false},"outgoing":[{"resourceId":"sid-65B5F96E-B230-4574-9789-DF19CF8960B4"}]},{"bounds":{"lowerRight":{"x":172.0,"y":212.0},"upperLeft":{"x":128.0,"y":212.0}},"resourceId":"sid-88FA1EEA-0A65-4B13-B18A-5EAEF1F763A9","childShapes":[],"stencil":{"id":"SequenceFlow"},"dockers":[{"x":50.0,"y":40.0},{"x":15.0,"y":15.0}],"outgoing":[{"resourceId":"sid-AE8B6925-3E74-46BC-B74B-AD0CCE0C5B8A"}],"target":{"resourceId":"sid-AE8B6925-3E74-46BC-B74B-AD0CCE0C5B8A"},"properties":{"overrideid":"sid-88FA1EEA-0A65-4B13-B18A-5EAEF1F763A9","executionlisteners":{"executionListeners":[]}}},{"bounds":{"lowerRight":{"x":172.0,"y":212.0},"upperLeft":{"x":128.0,"y":212.0}},"resourceId":"sid-65B5F96E-B230-4574-9789-DF19CF8960B4","childShapes":[],"stencil":{"id":"SequenceFlow"},"dockers":[{"x":15.0,"y":15.0},{"x":485.0,"y":660.0},{"x":50.0,"y":40.0}],"outgoing":[{"resourceId":"sid-148CDF62-9A2E-4B8E-A34C-93D20522C9E8"}],"target":{"resourceId":"sid-148CDF62-9A2E-4B8E-A34C-93D20522C9E8"},"properties":{"overrideid":"sid-65B5F96E-B230-4574-9789-DF19CF8960B4","executionlisteners":{"executionListeners":[]}}},{"bounds":{"lowerRight":{"x":172.0,"y":212.0},"upperLeft":{"x":128.0,"y":212.0}},"resourceId":"sid-53478902-EA84-488E-BB81-CEC22BBBC16A","childShapes":[],"stencil":{"id":"SequenceFlow"},"dockers":[{"x":20.0,"y":20.0},{"x":50.0,"y":40.0}],"outgoing":[{"resourceId":"sid-BDE0B435-C665-473F-ACBE-33917BB4EBC6"}],"target":{"resourceId":"sid-BDE0B435-C665-473F-ACBE-33917BB4EBC6"},"properties":{"overrideid":"sid-53478902-EA84-488E-BB81-CEC22BBBC16A","executionlisteners":{"executionListeners":[]},"conditionsequenceflow":{"expression":{"type":"static","staticValue":"${vs_ref_presente}"}}}},{"bounds":{"lowerRight":{"x":160.0,"y":301.0},"upperLeft":{"x":120.0,"y":261.0}},"resourceId":"sid-11BACB26-0606-4A08-AB70-A5343064FA23","childShapes":[],"stencil":{"id":"ParallelGateway"},"properties":{"overrideid":"sid-11BACB26-0606-4A08-AB70-A5343064FA23","executionlisteners":{"executionListeners":[]},"asynchronousdefinition":false,"exclusivedefinition":false},"outgoing":[{"resourceId":"sid-D51F7B41-D53A-4377-B85E-14EA09CA2352"},{"resourceId":"sid-7E9288E9-AD58-4770-A862-75DDEBF2E187"}]},{"bounds":{"lowerRight":{"x":75.0,"y":404.0},"upperLeft":{"x":45.0,"y":374.0}},"resourceId":"sid-FC5DCC39-EB46-4914-9551-447D34FD0FA3","childShapes":[],"stencil":{"id":"CatchSignalEvent"},"properties":{"overrideid":"sid-FC5DCC39-EB46-4914-9551-447D34FD0FA3","signalref":"sig_download_azienda_dc","executionlisteners":{"executionListeners":[]},"asynchronousdefinition":false,"exclusivedefinition":false},"outgoing":[{"resourceId":"sid-DB060EAD-37A2-48EE-B57D-E3314FBF1F99"}]},{"bounds":{"lowerRight":{"x":250.0,"y":410.0},"upperLeft":{"x":150.0,"y":330.0}},"resourceId":"sid-8332F872-CD15-41E9-930A-2A211526D9A9","childShapes":[],"stencil":{"id":"UserTask"},"properties":{"overrideid":"dc_pubbl_gazzetta","name":"Pubblicazione gazzetta","usertasksendemail":true,"usertaskassignment":{"assignment":{"type":"idm","idm":{"type":"initiator"},"initiatorCanCompleteTask":false}},"executionlisteners":{"executionListeners":[]},"isforcompensation":false,"asynchronousdefinition":false,"exclusivedefinition":false,"tasklisteners":{"taskListeners":[]}},"outgoing":[{"resourceId":"sid-F3F6F3A3-E17D-48DF-92E0-7B66A3142E0D"}]},{"bounds":{"lowerRight":{"x":160.0,"y":526.6666666666667},"upperLeft":{"x":120.0,"y":486.6666666666667}},"resourceId":"sid-8E32BEC4-B990-4A33-A474-18BB8B0DBF31","childShapes":[],"stencil":{"id":"InclusiveGateway"},"properties":{"overrideid":"sid-8E32BEC4-B990-4A33-A474-18BB8B0DBF31","executionlisteners":{"executionListeners":[]},"asynchronousdefinition":false,"exclusivedefinition":false},"outgoing":[{"resourceId":"sid-A7DB4956-E6E2-4C9C-8609-28034AD0D3D3"}]},{"bounds":{"lowerRight":{"x":172.0,"y":212.0},"upperLeft":{"x":128.0,"y":212.0}},"resourceId":"sid-D51F7B41-D53A-4377-B85E-14EA09CA2352","childShapes":[],"stencil":{"id":"SequenceFlow"},"dockers":[{"x":20.0,"y":20.0},{"x":60.0,"y":281.5},{"x":15.0,"y":15.0}],"outgoing":[{"resourceId":"sid-FC5DCC39-EB46-4914-9551-447D34FD0FA3"}],"target":{"resourceId":"sid-FC5DCC39-EB46-4914-9551-447D34FD0FA3"},"properties":{"overrideid":"sid-D51F7B41-D53A-4377-B85E-14EA09CA2352","executionlisteners":{"executionListeners":[]}}},{"bounds":{"lowerRight":{"x":172.0,"y":212.0},"upperLeft":{"x":128.0,"y":212.0}},"resourceId":"sid-7E9288E9-AD58-4770-A862-75DDEBF2E187","childShapes":[],"stencil":{"id":"SequenceFlow"},"dockers":[{"x":20.0,"y":20.0},{"x":200.0,"y":281.5},{"x":50.0,"y":40.0}],"outgoing":[{"resourceId":"sid-8332F872-CD15-41E9-930A-2A211526D9A9"}],"target":{"resourceId":"sid-8332F872-CD15-41E9-930A-2A211526D9A9"},"properties":{"overrideid":"sid-7E9288E9-AD58-4770-A862-75DDEBF2E187","executionlisteners":{"executionListeners":[]}}},{"bounds":{"lowerRight":{"x":172.0,"y":212.0},"upperLeft":{"x":128.0,"y":212.0}},"resourceId":"sid-F3F6F3A3-E17D-48DF-92E0-7B66A3142E0D","childShapes":[],"stencil":{"id":"SequenceFlow"},"dockers":[{"x":50.0,"y":40.0},{"x":200.0,"y":506.66666666666674},{"x":20.0,"y":20.00000000000003}],"outgoing":[{"resourceId":"sid-8E32BEC4-B990-4A33-A474-18BB8B0DBF31"}],"target":{"resourceId":"sid-8E32BEC4-B990-4A33-A474-18BB8B0DBF31"},"properties":{"overrideid":"sid-F3F6F3A3-E17D-48DF-92E0-7B66A3142E0D","executionlisteners":{"executionListeners":[]}}},{"bounds":{"lowerRight":{"x":172.0,"y":212.0},"upperLeft":{"x":128.0,"y":212.0}},"resourceId":"sid-DB060EAD-37A2-48EE-B57D-E3314FBF1F99","childShapes":[],"stencil":{"id":"SequenceFlow"},"dockers":[{"x":15.0,"y":15.0},{"x":60.0,"y":506.66666666666674},{"x":20.0,"y":20.00000000000003}],"outgoing":[{"resourceId":"sid-8E32BEC4-B990-4A33-A474-18BB8B0DBF31"}],"target":{"resourceId":"sid-8E32BEC4-B990-4A33-A474-18BB8B0DBF31"},"properties":{"overrideid":"sid-DB060EAD-37A2-48EE-B57D-E3314FBF1F99","executionlisteners":{"executionListeners":[]}}},{"bounds":{"lowerRight":{"x":172.0,"y":212.0},"upperLeft":{"x":128.0,"y":212.0}},"resourceId":"sid-A7DB4956-E6E2-4C9C-8609-28034AD0D3D3","childShapes":[],"stencil":{"id":"SequenceFlow"},"dockers":[{"x":20.0,"y":20.00000000000003},{"x":140.5,"y":737.0},{"x":1169.0,"y":737.0},{"x":14.0,"y":14.0}],"outgoing":[{"resourceId":"sid-09F0175D-6DE4-42B2-AB66-27492FA54FDC"}],"target":{"resourceId":"sid-09F0175D-6DE4-42B2-AB66-27492FA54FDC"},"properties":{"overrideid":"sid-A7DB4956-E6E2-4C9C-8609-28034AD0D3D3","executionlisteners":{"executionListeners":[]}}},{"bounds":{"lowerRight":{"x":172.0,"y":212.0},"upperLeft":{"x":128.0,"y":212.0}},"resourceId":"sid-3AE44479-B47C-4B06-8BB2-750A5CEAB992","childShapes":[],"stencil":{"id":"SequenceFlow"},"dockers":[{"x":20.0,"y":20.0},{"x":140.0,"y":200.5},{"x":20.0,"y":20.0}],"outgoing":[{"resourceId":"sid-11BACB26-0606-4A08-AB70-A5343064FA23"}],"target":{"resourceId":"sid-11BACB26-0606-4A08-AB70-A5343064FA23"},"properties":{"overrideid":"sid-3AE44479-B47C-4B06-8BB2-750A5CEAB992","executionlisteners":{"executionListeners":[]},"defaultflow":true}},{"bounds":{"lowerRight":{"x":172.0,"y":212.0},"upperLeft":{"x":128.0,"y":212.0}},"resourceId":"sid-3B0704F6-C0D9-4978-9472-CA468B723D72","childShapes":[],"stencil":{"id":"SequenceFlow"},"dockers":[{"x":20.0,"y":20.0},{"x":50.00000000000003,"y":40.0}],"outgoing":[{"resourceId":"sid-4DEA6ADC-BAC8-4282-A8E0-DDBEEE8BCBF3"}],"target":{"resourceId":"sid-4DEA6ADC-BAC8-4282-A8E0-DDBEEE8BCBF3"},"properties":{"overrideid":"sid-3B0704F6-C0D9-4978-9472-CA468B723D72","executionlisteners":{"executionListeners":[]},"conditionsequenceflow":{"expression":{"type":"static","staticValue":"${dc_riapri_segr}"}}}},{"bounds":{"lowerRight":{"x":172.0,"y":212.0},"upperLeft":{"x":128.0,"y":212.0}},"resourceId":"sid-78222B0E-42C4-4660-8EC8-9D1E234CF0C5","childShapes":[],"stencil":{"id":"SequenceFlow"},"dockers":[{"x":20.0,"y":20.0},{"x":50.0,"y":40.0}],"outgoing":[{"resourceId":"sid-BDE0B435-C665-473F-ACBE-33917BB4EBC6"}],"target":{"resourceId":"sid-BDE0B435-C665-473F-ACBE-33917BB4EBC6"},"properties":{"overrideid":"sid-78222B0E-42C4-4660-8EC8-9D1E234CF0C5","executionlisteners":{"executionListeners":[]},"conditionsequenceflow":{"expression":{"type":"static","staticValue":"${dc_riapri_stampati}"}}}},{"bounds":{"lowerRight":{"x":172.0,"y":212.0},"upperLeft":{"x":128.0,"y":212.0}},"resourceId":"sid-291C055E-DCD2-4BF4-8666-C6084C600A46","childShapes":[],"stencil":{"id":"SequenceFlow"},"dockers":[{"x":20.0,"y":20.0},{"x":15.0,"y":15.0}],"outgoing":[{"resourceId":"sid-6EF17AA4-FAFF-46D7-830C-F965B10DF6CB"}],"target":{"resourceId":"sid-6EF17AA4-FAFF-46D7-830C-F965B10DF6CB"},"properties":{"overrideid":"sid-291C055E-DCD2-4BF4-8666-C6084C600A46","executionlisteners":{"executionListeners":[]},"conditionsequenceflow":{"expression":{"type":"static","staticValue":"${dc_attesa_hta}"}}}}]}}