{"name":"Nuovo AIC","description":"","definition":{"models":[{"id":2007,"name":"AIC5","version":6,"modelType":0,"description":"gestione-messaggi","stencilSetId":null,"createdByFullName":" Administrator","createdBy":1,"lastUpdatedByFullName":" Administrator","lastUpdatedBy":1,"lastUpdated":"2025-02-12T11:33:50.613+0000"},{"id":2008,"name":"AIC3","version":5,"modelType":0,"description":null,"stencilSetId":null,"createdByFullName":" Administrator","createdBy":1,"lastUpdatedByFullName":" Administrator","lastUpdatedBy":1,"lastUpdated":"2025-02-12T11:33:50.641+0000"},{"id":2006,"name":"MGR","version":5,"modelType":0,"description":"Materiale Educazionale","stencilSetId":null,"createdByFullName":" Administrator","createdBy":1,"lastUpdatedByFullName":" Administrator","lastUpdatedBy":1,"lastUpdated":"2025-02-12T11:33:50.694+0000"}],"theme":"theme-5","icon":"glyphicon-asterisk","publishIdentityInfo":[{"type":"group","person":null,"group":{"id":1001,"name":"scrivania-aic","externalId":null,"status":"active","groups":null}}]}}